[2025-03-18 05:05:38] INFO D:\Work\BAIEL\apps\stores\views.py changed, reloading.
[2025-03-18 05:05:40] INFO Watching for file changes with StatReloader
[2025-03-18 05:08:08] INFO D:\Work\BAIEL\apps\products\urls.py changed, reloading.
[2025-03-18 05:08:09] INFO Watching for file changes with StatReloader
[2025-03-18 21:27:09] INFO Watching for file changes with StatReloader
[2025-03-18 21:27:11] WARNING Not Found: /
[2025-03-18 21:27:11] WARNING "GET / HTTP/1.1" 404 3451
[2025-03-18 21:27:11] WARNING Not Found: /favicon.ico
[2025-03-18 21:27:11] WARNING "GET /favicon.ico HTTP/1.1" 404 3502
[2025-03-18 21:27:17] INFO "GET /admin/ HTTP/1.1" 302 0
[2025-03-18 21:27:18] INFO "GET /admin/login/?next=/admin/ HTTP/1.1" 200 4338
[2025-03-18 21:27:18] INFO "GET /static/admin/css/base.css HTTP/1.1" 304 0
[2025-03-18 21:27:18] INFO "GET /static/admin/css/dark_mode.css HTTP/1.1" 304 0
[2025-03-18 21:27:18] INFO "GET /static/admin/js/theme.js HTTP/1.1" 304 0
[2025-03-18 21:27:18] INFO "GET /static/admin/css/nav_sidebar.css HTTP/1.1" 304 0
[2025-03-18 21:27:18] INFO "GET /static/admin/css/responsive.css HTTP/1.1" 304 0
[2025-03-18 21:27:18] INFO "GET /static/admin/css/login.css HTTP/1.1" 304 0
[2025-03-18 21:27:18] INFO "GET /static/admin/js/nav_sidebar.js HTTP/1.1" 304 0
[2025-03-18 21:27:18] INFO "GET /admin/ HTTP/1.1" 302 0
[2025-03-18 21:27:18] INFO "GET /admin/login/?next=/admin/ HTTP/1.1" 200 4338
[2025-03-18 21:28:28] INFO "POST /admin/login/?next=/admin/ HTTP/1.1" 302 0
[2025-03-18 21:28:28] INFO "GET /admin/ HTTP/1.1" 200 13186
[2025-03-18 21:28:28] INFO "GET /static/admin/css/dashboard.css HTTP/1.1" 304 0
[2025-03-18 21:28:28] INFO "GET /static/admin/img/icon-addlink.svg HTTP/1.1" 304 0
[2025-03-18 21:28:28] INFO "GET /static/admin/img/icon-changelink.svg HTTP/1.1" 304 0
[2025-03-18 21:28:31] INFO "GET /admin/products/productimage/ HTTP/1.1" 200 14161
[2025-03-18 21:28:31] INFO "GET /static/admin/css/changelists.css HTTP/1.1" 304 0
[2025-03-18 21:28:31] INFO "GET /static/admin/js/vendor/jquery/jquery.js HTTP/1.1" 304 0
[2025-03-18 21:28:31] INFO "GET /static/admin/js/jquery.init.js HTTP/1.1" 304 0
[2025-03-18 21:28:31] INFO "GET /static/admin/js/core.js HTTP/1.1" 304 0
[2025-03-18 21:28:31] INFO "GET /static/admin/js/admin/RelatedObjectLookups.js HTTP/1.1" 304 0
[2025-03-18 21:28:31] INFO "GET /static/admin/js/urlify.js HTTP/1.1" 304 0
[2025-03-18 21:28:31] INFO "GET /static/admin/js/actions.js HTTP/1.1" 304 0
[2025-03-18 21:28:31] INFO "GET /static/admin/js/prepopulate.js HTTP/1.1" 304 0
[2025-03-18 21:28:31] INFO "GET /static/admin/js/vendor/xregexp/xregexp.js HTTP/1.1" 304 0
[2025-03-18 21:28:31] INFO "GET /static/admin/img/search.svg HTTP/1.1" 304 0
[2025-03-18 21:28:31] INFO "GET /admin/jsi18n/ HTTP/1.1" 200 17546
[2025-03-18 21:28:31] INFO "GET /static/admin/js/filters.js HTTP/1.1" 304 0
[2025-03-18 21:28:31] INFO "GET /static/admin/img/icon-viewlink.svg HTTP/1.1" 304 0
[2025-03-18 21:28:31] INFO "GET /static/admin/img/tooltag-add.svg HTTP/1.1" 304 0
[2025-03-18 21:28:32] INFO "GET /admin/products/product/ HTTP/1.1" 200 14875
[2025-03-18 21:28:32] INFO "GET /static/admin/css/forms.css HTTP/1.1" 304 0
[2025-03-18 21:28:32] INFO "GET /static/admin/css/widgets.css HTTP/1.1" 304 0
[2025-03-18 21:28:32] INFO "GET /admin/jsi18n/ HTTP/1.1" 200 17546
[2025-03-18 21:28:33] ERROR Internal Server Error: /admin/orders/orderrequest/
Traceback (most recent call last):
  File "D:\Work\BAIEL\venv\Lib\site-packages\django\db\backends\utils.py", line 105, in _execute
    return self.cursor.execute(sql, params)
           ^^^^^^^^^^^^^^^^^^^^^^^^^^^^^^^^
psycopg2.errors.UndefinedColumn: ОШИБКА:  столбец orders_orderrequest.partner_id не существует
LINE 1: ..."orders_orderrequest" INNER JOIN "users_user" ON ("orders_or...
                                                             ^


The above exception was the direct cause of the following exception:

Traceback (most recent call last):
  File "D:\Work\BAIEL\venv\Lib\site-packages\django\core\handlers\exception.py", line 55, in inner
    response = get_response(request)
               ^^^^^^^^^^^^^^^^^^^^^
  File "D:\Work\BAIEL\venv\Lib\site-packages\django\core\handlers\base.py", line 197, in _get_response
    response = wrapped_callback(request, *callback_args, **callback_kwargs)
               ^^^^^^^^^^^^^^^^^^^^^^^^^^^^^^^^^^^^^^^^^^^^^^^^^^^^^^^^^^^^
  File "D:\Work\BAIEL\venv\Lib\site-packages\django\contrib\admin\options.py", line 718, in wrapper
    return self.admin_site.admin_view(view)(*args, **kwargs)
           ^^^^^^^^^^^^^^^^^^^^^^^^^^^^^^^^^^^^^^^^^^^^^^^^^
  File "D:\Work\BAIEL\venv\Lib\site-packages\django\utils\decorators.py", line 188, in _view_wrapper
    result = _process_exception(request, e)
             ^^^^^^^^^^^^^^^^^^^^^^^^^^^^^^
  File "D:\Work\BAIEL\venv\Lib\site-packages\django\utils\decorators.py", line 186, in _view_wrapper
    response = view_func(request, *args, **kwargs)
               ^^^^^^^^^^^^^^^^^^^^^^^^^^^^^^^^^^^
  File "D:\Work\BAIEL\venv\Lib\site-packages\django\views\decorators\cache.py", line 80, in _view_wrapper
    response = view_func(request, *args, **kwargs)
               ^^^^^^^^^^^^^^^^^^^^^^^^^^^^^^^^^^^
  File "D:\Work\BAIEL\venv\Lib\site-packages\django\contrib\admin\sites.py", line 241, in inner
    return view(request, *args, **kwargs)
           ^^^^^^^^^^^^^^^^^^^^^^^^^^^^^^
  File "D:\Work\BAIEL\venv\Lib\site-packages\django\utils\decorators.py", line 48, in _wrapper
    return bound_method(*args, **kwargs)
           ^^^^^^^^^^^^^^^^^^^^^^^^^^^^^
  File "D:\Work\BAIEL\venv\Lib\site-packages\django\utils\decorators.py", line 188, in _view_wrapper
    result = _process_exception(request, e)
             ^^^^^^^^^^^^^^^^^^^^^^^^^^^^^^
  File "D:\Work\BAIEL\venv\Lib\site-packages\django\utils\decorators.py", line 186, in _view_wrapper
    response = view_func(request, *args, **kwargs)
               ^^^^^^^^^^^^^^^^^^^^^^^^^^^^^^^^^^^
  File "D:\Work\BAIEL\venv\Lib\site-packages\django\contrib\admin\options.py", line 2138, in changelist_view
    "selection_note": _("0 of %(cnt)s selected") % {"cnt": len(cl.result_list)},
                                                           ^^^^^^^^^^^^^^^^^^^
  File "D:\Work\BAIEL\venv\Lib\site-packages\django\db\models\query.py", line 382, in __len__
    self._fetch_all()
  File "D:\Work\BAIEL\venv\Lib\site-packages\django\db\models\query.py", line 1928, in _fetch_all
    self._result_cache = list(self._iterable_class(self))
                         ^^^^^^^^^^^^^^^^^^^^^^^^^^^^^^^^
  File "D:\Work\BAIEL\venv\Lib\site-packages\django\db\models\query.py", line 91, in __iter__
    results = compiler.execute_sql(
              ^^^^^^^^^^^^^^^^^^^^^
  File "D:\Work\BAIEL\venv\Lib\site-packages\django\db\models\sql\compiler.py", line 1574, in execute_sql
    cursor.execute(sql, params)
  File "D:\Work\BAIEL\venv\Lib\site-packages\django\db\backends\utils.py", line 122, in execute
    return super().execute(sql, params)
           ^^^^^^^^^^^^^^^^^^^^^^^^^^^^
  File "D:\Work\BAIEL\venv\Lib\site-packages\django\db\backends\utils.py", line 79, in execute
    return self._execute_with_wrappers(
           ^^^^^^^^^^^^^^^^^^^^^^^^^^^^
  File "D:\Work\BAIEL\venv\Lib\site-packages\django\db\backends\utils.py", line 92, in _execute_with_wrappers
    return executor(sql, params, many, context)
           ^^^^^^^^^^^^^^^^^^^^^^^^^^^^^^^^^^^^
  File "D:\Work\BAIEL\venv\Lib\site-packages\django\db\backends\utils.py", line 100, in _execute
    with self.db.wrap_database_errors:
  File "D:\Work\BAIEL\venv\Lib\site-packages\django\db\utils.py", line 91, in __exit__
    raise dj_exc_value.with_traceback(traceback) from exc_value
  File "D:\Work\BAIEL\venv\Lib\site-packages\django\db\backends\utils.py", line 105, in _execute
    return self.cursor.execute(sql, params)
           ^^^^^^^^^^^^^^^^^^^^^^^^^^^^^^^^
django.db.utils.ProgrammingError: ОШИБКА:  столбец orders_orderrequest.partner_id не существует
LINE 1: ..."orders_orderrequest" INNER JOIN "users_user" ON ("orders_or...
                                                             ^

[2025-03-18 21:28:33] ERROR "GET /admin/orders/orderrequest/ HTTP/1.1" 500 182127
[2025-03-18 21:30:04] INFO "GET /admin/orders/orderrequest/ HTTP/1.1" 200 14409
[2025-03-18 21:30:05] INFO "GET /admin/jsi18n/ HTTP/1.1" 200 17546
[2025-03-18 21:30:06] INFO "GET /admin/orders/orderrequest/add/ HTTP/1.1" 200 18216
[2025-03-18 21:30:06] INFO "GET /static/admin/js/change_form.js HTTP/1.1" 304 0
[2025-03-18 21:30:06] INFO "GET /static/admin/js/prepopulate_init.js HTTP/1.1" 304 0
[2025-03-18 21:30:06] INFO "GET /admin/jsi18n/ HTTP/1.1" 200 17546
[2025-03-18 21:39:40] INFO "POST /admin/orders/orderrequest/add/ HTTP/1.1" 302 0
[2025-03-18 21:39:41] INFO "GET /admin/orders/orderrequest/ HTTP/1.1" 200 17594
[2025-03-18 21:39:41] INFO "GET /admin/jsi18n/ HTTP/1.1" 200 17546
[2025-03-18 21:39:41] INFO "GET /static/admin/img/icon-yes.svg HTTP/1.1" 304 0
[2025-03-18 21:39:41] INFO "GET /static/admin/img/sorting-icons.svg HTTP/1.1" 304 0
[2025-03-18 21:39:42] INFO "GET /admin/stores/store/ HTTP/1.1" 200 14995
[2025-03-18 21:39:42] INFO "GET /admin/jsi18n/ HTTP/1.1" 200 17546
[2025-03-18 21:39:43] INFO "GET /admin/orders/orderrequest/ HTTP/1.1" 200 17290
[2025-03-18 21:39:43] INFO "GET /admin/jsi18n/ HTTP/1.1" 200 17546
[2025-03-18 21:39:45] INFO "GET /admin/orders/orderrequest/1/change/ HTTP/1.1" 200 18535
[2025-03-18 21:39:46] INFO "GET /admin/jsi18n/ HTTP/1.1" 200 17546
[2025-03-18 21:39:47] INFO "POST /admin/orders/orderrequest/1/change/ HTTP/1.1" 302 0
[2025-03-18 21:39:47] INFO "GET /admin/orders/orderrequest/ HTTP/1.1" 200 17611
[2025-03-18 21:39:48] INFO "GET /admin/jsi18n/ HTTP/1.1" 200 17546
[2025-03-18 21:39:49] INFO "GET /admin/stores/store/ HTTP/1.1" 200 14995
[2025-03-18 21:39:50] INFO "GET /admin/jsi18n/ HTTP/1.1" 200 17546
[2025-03-18 21:39:51] INFO "GET /admin/orders/orderrequest/ HTTP/1.1" 200 17300
[2025-03-18 21:39:51] INFO "GET /admin/jsi18n/ HTTP/1.1" 200 17546
[2025-03-18 21:39:55] INFO "GET /admin/orders/orderrequest/1/change/ HTTP/1.1" 200 18550
[2025-03-18 21:39:56] INFO "GET /admin/jsi18n/ HTTP/1.1" 200 17546
[2025-03-18 21:39:57] WARNING Not Found: /
[2025-03-18 21:39:57] WARNING "GET / HTTP/1.1" 404 3451
[2025-03-18 21:40:03] WARNING Not Found: /stores
[2025-03-18 21:40:03] WARNING "GET /stores HTTP/1.1" 404 3487
[2025-03-18 21:40:06] WARNING Not Found: /stores/stores
[2025-03-18 21:40:06] WARNING "GET /stores/stores HTTP/1.1" 404 3508
[2025-03-18 21:40:09] WARNING Not Found: /stores/store
[2025-03-18 21:40:09] WARNING "GET /stores/store HTTP/1.1" 404 3505
[2025-03-18 21:40:16] WARNING Not Found: /api/stores/store
[2025-03-18 21:40:16] WARNING "GET /api/stores/store HTTP/1.1" 404 5651
[2025-03-18 21:40:19] WARNING Unauthorized: /api/stores/stores/
[2025-03-18 21:40:19] WARNING "GET /api/stores/stores/ HTTP/1.1" 401 5225
[2025-03-18 21:40:19] INFO "GET /static/rest_framework/css/bootstrap.min.css HTTP/1.1" 304 0
[2025-03-18 21:40:19] INFO "GET /static/rest_framework/css/bootstrap-tweaks.css HTTP/1.1" 304 0
[2025-03-18 21:40:19] INFO "GET /static/rest_framework/css/prettify.css HTTP/1.1" 304 0
[2025-03-18 21:40:19] INFO "GET /static/rest_framework/css/default.css HTTP/1.1" 304 0
[2025-03-18 21:40:19] INFO "GET /static/rest_framework/js/jquery-3.7.1.min.js HTTP/1.1" 304 0
[2025-03-18 21:40:19] INFO "GET /static/rest_framework/js/ajax-form.js HTTP/1.1" 304 0
[2025-03-18 21:40:19] INFO "GET /static/rest_framework/js/bootstrap.min.js HTTP/1.1" 304 0
[2025-03-18 21:40:19] INFO "GET /static/rest_framework/js/csrf.js HTTP/1.1" 304 0
[2025-03-18 21:40:19] INFO "GET /static/rest_framework/js/prettify-min.js HTTP/1.1" 304 0
[2025-03-18 21:40:19] INFO "GET /static/rest_framework/js/default.js HTTP/1.1" 304 0
[2025-03-18 21:40:19] INFO "GET /static/rest_framework/js/load-ajax-form.js HTTP/1.1" 304 0
[2025-03-18 21:40:19] INFO "GET /static/rest_framework/img/grid.png HTTP/1.1" 304 0
[2025-03-18 21:40:28] WARNING Not Found: /api/orders/orders
[2025-03-18 21:40:28] WARNING "GET /api/orders/orders HTTP/1.1" 404 7414
[2025-03-18 21:40:36] INFO "GET /api/orders/order-requests HTTP/1.1" 301 0
[2025-03-18 21:40:36] WARNING Unauthorized: /api/orders/order-requests/
[2025-03-18 21:40:36] WARNING "GET /api/orders/order-requests/ HTTP/1.1" 401 5313
[2025-03-18 21:41:44] INFO "GET /admin/orders/orderrequest/ HTTP/1.1" 200 17300
[2025-03-18 21:41:44] INFO "GET /admin/jsi18n/ HTTP/1.1" 200 17546
[2025-03-18 21:41:52] INFO "GET /admin/stores/store/ HTTP/1.1" 200 14995
[2025-03-18 21:41:52] INFO "GET /admin/jsi18n/ HTTP/1.1" 200 17546
[2025-03-18 21:41:53] INFO "GET /admin/stores/store/add/ HTTP/1.1" 200 20951
[2025-03-18 21:41:53] INFO "GET /admin/jsi18n/ HTTP/1.1" 200 17546
[2025-03-18 21:42:01] INFO "GET /admin/stores/store/ HTTP/1.1" 200 14995
[2025-03-18 21:44:41] INFO D:\Work\BAIEL\apps\products\urls.py changed, reloading.
[2025-03-18 21:44:42] INFO Watching for file changes with StatReloader
[2025-03-18 21:46:47] INFO "GET /admin/stores/store/ HTTP/1.1" 200 18914
[2025-03-18 21:46:47] INFO "GET /admin/jsi18n/ HTTP/1.1" 200 17546
[2025-03-18 21:46:50] INFO "GET /admin/stores/store/ HTTP/1.1" 200 18914
[2025-03-18 21:46:50] INFO "GET /admin/jsi18n/ HTTP/1.1" 200 17546
[2025-03-18 21:46:51] INFO "GET /admin/orders/orderrequest/ HTTP/1.1" 200 17300
[2025-03-18 21:46:52] INFO "GET /admin/jsi18n/ HTTP/1.1" 200 17546
[2025-03-18 21:46:54] INFO "GET /admin/orders/orderrequest/1/change/ HTTP/1.1" 200 18550
[2025-03-18 21:46:54] INFO "GET /admin/jsi18n/ HTTP/1.1" 200 17546
[2025-03-18 21:46:56] INFO "GET /admin/orders/orderrequest/ HTTP/1.1" 200 17300
[2025-03-18 21:46:56] INFO "GET /admin/jsi18n/ HTTP/1.1" 200 17546
[2025-03-18 21:46:57] INFO "GET /admin/orders/orderrequest/add/ HTTP/1.1" 200 18216
[2025-03-18 21:46:57] INFO "GET /admin/jsi18n/ HTTP/1.1" 200 17546
[2025-03-18 21:47:07] INFO "POST /admin/orders/orderrequest/add/ HTTP/1.1" 302 0
[2025-03-18 21:47:07] INFO "GET /admin/orders/orderrequest/ HTTP/1.1" 200 18210
[2025-03-18 21:47:07] INFO "GET /admin/jsi18n/ HTTP/1.1" 200 17546
[2025-03-18 21:47:08] INFO "GET /admin/stores/store/ HTTP/1.1" 200 18914
[2025-03-18 21:47:08] INFO "GET /admin/jsi18n/ HTTP/1.1" 200 17546
[2025-03-18 21:47:09] INFO "GET /admin/stores/store/ HTTP/1.1" 200 18914
[2025-03-18 21:47:09] INFO "GET /admin/jsi18n/ HTTP/1.1" 200 17546
[2025-03-18 21:47:09] INFO "GET /admin/stores/store/ HTTP/1.1" 200 18914
[2025-03-18 21:47:10] INFO "GET /admin/stores/store/ HTTP/1.1" 200 18914
[2025-03-18 21:47:10] INFO - Broken pipe from ('127.0.0.1', 20853)
[2025-03-18 21:47:10] INFO "GET /admin/jsi18n/ HTTP/1.1" 200 17546
[2025-03-18 21:47:10] INFO - Broken pipe from ('127.0.0.1', 20887)
[2025-03-18 21:47:10] INFO "GET /admin/stores/store/ HTTP/1.1" 200 18914
[2025-03-18 21:47:10] INFO "GET /admin/jsi18n/ HTTP/1.1" 200 17546
[2025-03-18 21:47:10] INFO "GET /admin/stores/store/ HTTP/1.1" 200 18914
[2025-03-18 21:47:10] INFO "GET /admin/jsi18n/ HTTP/1.1" 200 17546
[2025-03-18 21:47:10] INFO "GET /admin/stores/store/ HTTP/1.1" 200 18914
[2025-03-18 21:47:10] INFO "GET /admin/stores/store/ HTTP/1.1" 200 18914
[2025-03-18 21:47:10] INFO "GET /admin/jsi18n/ HTTP/1.1" 200 17546
[2025-03-18 21:47:10] INFO "GET /admin/jsi18n/ HTTP/1.1" 200 17546
[2025-03-18 21:47:11] INFO "GET /admin/stores/store/ HTTP/1.1" 200 18914
[2025-03-18 21:47:11] WARNING Not Found: /favicon.ico
[2025-03-18 21:47:11] WARNING "GET /favicon.ico HTTP/1.1" 404 3502
[2025-03-18 21:47:11] INFO "GET /admin/jsi18n/ HTTP/1.1" 200 17546
[2025-03-18 21:47:11] INFO "GET /admin/stores/store/ HTTP/1.1" 200 18914
[2025-03-18 21:47:11] INFO "GET /admin/jsi18n/ HTTP/1.1" 200 17546
[2025-03-18 21:47:11] INFO "GET /admin/stores/store/ HTTP/1.1" 200 18914
[2025-03-18 21:47:12] INFO "GET /admin/jsi18n/ HTTP/1.1" 200 17546
[2025-03-18 21:47:12] INFO "GET /admin/stores/store/ HTTP/1.1" 200 18914
[2025-03-18 21:47:12] INFO "GET /admin/jsi18n/ HTTP/1.1" 200 17546
[2025-03-18 21:47:12] INFO "GET /admin/stores/store/ HTTP/1.1" 200 18914
[2025-03-18 21:47:12] INFO "GET /admin/jsi18n/ HTTP/1.1" 200 17546
[2025-03-18 21:47:12] INFO "GET /admin/stores/store/ HTTP/1.1" 200 18914
[2025-03-18 21:47:13] INFO "GET /admin/jsi18n/ HTTP/1.1" 200 17546
[2025-03-18 21:47:13] INFO "GET /admin/stores/store/ HTTP/1.1" 200 18914
[2025-03-18 21:47:13] INFO "GET /admin/jsi18n/ HTTP/1.1" 200 17546
[2025-03-18 21:47:13] INFO "GET /admin/stores/store/ HTTP/1.1" 200 18914
[2025-03-18 21:47:13] INFO "GET /admin/jsi18n/ HTTP/1.1" 200 17546
[2025-03-18 21:47:14] INFO "GET /admin/stores/store/ HTTP/1.1" 200 18914
[2025-03-18 21:47:14] INFO "GET /admin/jsi18n/ HTTP/1.1" 200 17546
[2025-03-18 21:47:14] INFO "GET /admin/stores/store/ HTTP/1.1" 200 18914
[2025-03-18 21:47:14] INFO "GET /admin/jsi18n/ HTTP/1.1" 200 17546
[2025-03-18 21:47:15] INFO "GET /admin/stores/store/ HTTP/1.1" 200 18914
[2025-03-18 21:47:15] INFO "GET /admin/jsi18n/ HTTP/1.1" 200 17546
[2025-03-18 21:47:15] INFO "GET /admin/stores/store/ HTTP/1.1" 200 18914
[2025-03-18 21:47:15] INFO "GET /admin/jsi18n/ HTTP/1.1" 200 17546
[2025-03-18 21:47:16] INFO "GET /admin/stores/store/ HTTP/1.1" 200 18914
[2025-03-18 21:47:16] INFO "GET /admin/jsi18n/ HTTP/1.1" 200 17546
[2025-03-18 21:47:16] INFO "GET /admin/stores/store/ HTTP/1.1" 200 18914
[2025-03-18 21:47:16] INFO "GET /admin/jsi18n/ HTTP/1.1" 200 17546
[2025-03-18 21:47:17] INFO "GET /admin/stores/store/ HTTP/1.1" 200 18914
[2025-03-18 21:47:17] INFO "GET /admin/jsi18n/ HTTP/1.1" 200 17546
[2025-03-18 21:47:17] INFO "GET /admin/stores/store/ HTTP/1.1" 200 18914
[2025-03-18 21:47:17] INFO "GET /admin/jsi18n/ HTTP/1.1" 200 17546
[2025-03-18 21:47:18] INFO "GET /admin/stores/store/ HTTP/1.1" 200 18914
[2025-03-18 21:47:18] INFO "GET /admin/jsi18n/ HTTP/1.1" 200 17546
[2025-03-18 21:47:18] INFO "GET /admin/stores/store/ HTTP/1.1" 200 18914
[2025-03-18 21:47:18] INFO "GET /admin/jsi18n/ HTTP/1.1" 200 17546
[2025-03-18 21:47:18] INFO "GET /admin/stores/store/ HTTP/1.1" 200 18914
[2025-03-18 21:47:18] INFO "GET /admin/jsi18n/ HTTP/1.1" 200 17546
[2025-03-18 21:47:19] INFO "GET /admin/stores/store/ HTTP/1.1" 200 18914
[2025-03-18 21:47:19] INFO "GET /admin/jsi18n/ HTTP/1.1" 200 17546
[2025-03-18 21:47:19] INFO "GET /admin/stores/store/ HTTP/1.1" 200 18914
[2025-03-18 21:47:19] INFO "GET /admin/jsi18n/ HTTP/1.1" 200 17546
[2025-03-18 21:47:19] INFO "GET /admin/stores/store/ HTTP/1.1" 200 18914
[2025-03-18 21:47:20] INFO "GET /admin/jsi18n/ HTTP/1.1" 200 17546
[2025-03-18 21:47:20] INFO "GET /admin/stores/store/ HTTP/1.1" 200 18914
[2025-03-18 21:47:20] INFO "GET /admin/jsi18n/ HTTP/1.1" 200 17546
[2025-03-18 21:47:21] INFO "GET /admin/stores/store/ HTTP/1.1" 200 18914
[2025-03-18 21:47:21] INFO "GET /admin/jsi18n/ HTTP/1.1" 200 17546
[2025-03-18 21:47:21] INFO "GET /admin/stores/store/ HTTP/1.1" 200 18914
[2025-03-18 21:47:21] INFO "GET /admin/jsi18n/ HTTP/1.1" 200 17546
[2025-03-18 21:47:21] INFO "GET /admin/stores/store/ HTTP/1.1" 200 18914
[2025-03-18 21:47:21] INFO "GET /admin/jsi18n/ HTTP/1.1" 200 17546
[2025-03-18 21:47:22] INFO "GET /admin/stores/store/ HTTP/1.1" 200 18914
[2025-03-18 21:47:22] INFO "GET /admin/jsi18n/ HTTP/1.1" 200 17546
[2025-03-18 21:47:22] INFO "GET /admin/stores/store/ HTTP/1.1" 200 18914
[2025-03-18 21:47:22] INFO "GET /admin/jsi18n/ HTTP/1.1" 200 17546
[2025-03-18 21:47:22] INFO "GET /admin/stores/store/ HTTP/1.1" 200 18914
[2025-03-18 21:47:22] INFO "GET /admin/jsi18n/ HTTP/1.1" 200 17546
[2025-03-18 21:47:23] INFO "GET /admin/stores/store/ HTTP/1.1" 200 18914
[2025-03-18 21:47:23] INFO "GET /admin/jsi18n/ HTTP/1.1" 200 17546
[2025-03-18 21:47:23] INFO "GET /admin/stores/store/ HTTP/1.1" 200 18914
[2025-03-18 21:47:23] INFO "GET /admin/jsi18n/ HTTP/1.1" 200 17546
[2025-03-18 21:47:23] INFO "GET /admin/stores/store/ HTTP/1.1" 200 18914
[2025-03-18 21:47:24] INFO "GET /admin/jsi18n/ HTTP/1.1" 200 17546
[2025-03-18 21:48:08] INFO "GET /admin/stores/store/ HTTP/1.1" 200 18914
[2025-03-18 21:48:08] INFO "GET /admin/jsi18n/ HTTP/1.1" 200 17546
[2025-03-18 21:48:08] INFO "GET /admin/stores/store/ HTTP/1.1" 200 18914
[2025-03-18 21:48:08] INFO "GET /admin/jsi18n/ HTTP/1.1" 200 17546
[2025-03-18 21:48:09] INFO "GET /admin/stores/store/ HTTP/1.1" 200 18914
[2025-03-18 21:48:09] INFO "GET /admin/jsi18n/ HTTP/1.1" 200 17546
[2025-03-18 21:49:29] INFO "GET /admin/stores/store/ HTTP/1.1" 200 18914
[2025-03-18 21:49:29] INFO "GET /admin/jsi18n/ HTTP/1.1" 200 17546
[2025-03-18 21:49:30] INFO "GET /admin/stores/store/ HTTP/1.1" 200 18914
[2025-03-18 21:49:30] INFO "GET /admin/jsi18n/ HTTP/1.1" 200 17546
[2025-03-18 21:50:18] INFO D:\Work\BAIEL\apps\orders\views.py changed, reloading.
[2025-03-18 21:50:19] INFO Watching for file changes with StatReloader
[2025-03-18 21:50:22] INFO "GET /admin/stores/store/ HTTP/1.1" 200 18914
[2025-03-18 21:50:22] INFO "GET /admin/jsi18n/ HTTP/1.1" 200 17546
[2025-03-18 21:50:23] INFO "GET /admin/stores/store/ HTTP/1.1" 200 18914
[2025-03-18 21:50:23] INFO "GET /admin/jsi18n/ HTTP/1.1" 200 17546
[2025-03-18 21:50:23] INFO "GET /admin/orders/orderrequest/ HTTP/1.1" 200 17907
[2025-03-18 21:50:23] INFO "GET /admin/jsi18n/ HTTP/1.1" 200 17546
[2025-03-18 21:50:25] INFO "GET /admin/orders/orderrequest/add/ HTTP/1.1" 200 18216
[2025-03-18 21:50:25] INFO "GET /admin/jsi18n/ HTTP/1.1" 200 17546
[2025-03-18 21:50:36] INFO "POST /admin/orders/orderrequest/add/ HTTP/1.1" 302 0
[2025-03-18 21:50:37] INFO "GET /admin/orders/orderrequest/ HTTP/1.1" 200 18791
[2025-03-18 21:50:37] INFO "GET /admin/jsi18n/ HTTP/1.1" 200 17546
[2025-03-18 21:50:38] INFO "GET /admin/stores/store/ HTTP/1.1" 200 18914
[2025-03-18 21:50:38] INFO "GET /admin/jsi18n/ HTTP/1.1" 200 17546
[2025-03-18 21:50:39] INFO "GET /admin/orders/orderrequest/ HTTP/1.1" 200 18496
[2025-03-18 21:50:39] INFO "GET /admin/jsi18n/ HTTP/1.1" 200 17546
[2025-03-18 21:50:41] INFO "GET /admin/orders/orderrequest/3/change/ HTTP/1.1" 200 18499
[2025-03-18 21:50:41] INFO "GET /admin/jsi18n/ HTTP/1.1" 200 17546
[2025-03-18 21:50:44] INFO "POST /admin/orders/orderrequest/3/change/ HTTP/1.1" 302 0
[2025-03-18 21:50:44] INFO "GET /admin/orders/orderrequest/ HTTP/1.1" 200 18808
[2025-03-18 21:50:44] INFO "GET /admin/jsi18n/ HTTP/1.1" 200 17546
[2025-03-18 21:50:44] INFO "GET /admin/stores/store/ HTTP/1.1" 200 18914
[2025-03-18 21:50:45] INFO "GET /admin/jsi18n/ HTTP/1.1" 200 17546
[2025-03-18 21:50:48] INFO "GET /admin/orders/orderrequest/ HTTP/1.1" 200 18506
[2025-03-18 21:50:48] INFO "GET /admin/jsi18n/ HTTP/1.1" 200 17546
[2025-03-18 21:50:58] INFO "GET /admin/stores/store/ HTTP/1.1" 200 18914
[2025-03-18 21:50:59] INFO "GET /admin/jsi18n/ HTTP/1.1" 200 17546
[2025-03-18 21:51:57] INFO D:\Work\BAIEL\apps\orders\admin.py changed, reloading.
[2025-03-18 21:51:58] INFO Watching for file changes with StatReloader
[2025-03-18 21:52:09] INFO "GET /admin/stores/store/ HTTP/1.1" 200 18914
[2025-03-18 21:52:09] INFO "GET /admin/jsi18n/ HTTP/1.1" 200 17546
[2025-03-18 21:52:10] INFO "GET /admin/orders/orderrequest/ HTTP/1.1" 200 18406
[2025-03-18 21:52:10] INFO "GET /admin/jsi18n/ HTTP/1.1" 200 17546
[2025-03-18 21:52:11] INFO "GET /admin/orders/orderrequest/ HTTP/1.1" 200 18406
[2025-03-18 21:52:11] INFO "GET /admin/jsi18n/ HTTP/1.1" 200 17546
[2025-03-18 21:52:14] INFO "GET /admin/orders/orderrequest/?_facets=True HTTP/1.1" 200 18796
[2025-03-18 21:52:14] INFO "GET /admin/jsi18n/ HTTP/1.1" 200 17546
[2025-03-18 21:52:15] INFO "GET /static/admin/img/icon-hidelink.svg HTTP/1.1" 200 784
[2025-03-18 21:52:16] INFO "GET /admin/orders/orderrequest/? HTTP/1.1" 200 18406
[2025-03-18 21:52:16] INFO "GET /admin/jsi18n/ HTTP/1.1" 200 17546
[2025-03-18 21:52:22] INFO "POST /admin/orders/orderrequest/? HTTP/1.1" 200 13886
[2025-03-18 21:52:22] INFO "GET /static/admin/js/cancel.js HTTP/1.1" 304 0
[2025-03-18 21:52:23] INFO "POST /admin/orders/orderrequest/? HTTP/1.1" 302 0
[2025-03-18 21:52:23] INFO "GET /admin/orders/orderrequest/ HTTP/1.1" 200 14607
[2025-03-18 21:52:23] INFO "GET /admin/jsi18n/ HTTP/1.1" 200 17546
[2025-03-18 21:52:23] INFO "GET /admin/stores/store/ HTTP/1.1" 200 18914
[2025-03-18 21:52:23] INFO "GET /admin/jsi18n/ HTTP/1.1" 200 17546
[2025-03-18 21:52:27] INFO "GET /admin/orders/orderrequest/ HTTP/1.1" 200 14409
[2025-03-18 21:52:27] INFO "GET /admin/jsi18n/ HTTP/1.1" 200 17546
[2025-03-18 21:52:28] INFO "GET /admin/orders/orderrequest/add/ HTTP/1.1" 200 18216
[2025-03-18 21:52:28] INFO "GET /admin/jsi18n/ HTTP/1.1" 200 17546
[2025-03-18 21:52:39] INFO "POST /admin/orders/orderrequest/add/ HTTP/1.1" 302 0
[2025-03-18 21:52:39] INFO "GET /admin/orders/orderrequest/ HTTP/1.1" 200 17494
[2025-03-18 21:52:39] INFO "GET /admin/jsi18n/ HTTP/1.1" 200 17546
[2025-03-18 21:52:40] INFO "GET /admin/stores/store/ HTTP/1.1" 200 18914
[2025-03-18 21:52:40] INFO "GET /admin/jsi18n/ HTTP/1.1" 200 17546
[2025-03-18 21:52:41] INFO "GET /admin/orders/orderrequest/ HTTP/1.1" 200 17190
[2025-03-18 21:52:41] INFO "GET /admin/jsi18n/ HTTP/1.1" 200 17546
[2025-03-18 22:11:10] INFO D:\Work\BAIEL\apps\orders\models.py changed, reloading.
[2025-03-18 22:11:11] INFO Watching for file changes with StatReloader
[2025-03-18 22:11:15] INFO D:\Work\BAIEL\apps\orders\views.py changed, reloading.
[2025-03-18 22:11:16] INFO Watching for file changes with StatReloader
[2025-03-18 22:11:52] INFO D:\Work\BAIEL\apps\stores\models.py changed, reloading.
[2025-03-18 22:11:53] INFO Watching for file changes with StatReloader
[2025-03-18 22:11:57] INFO "GET /admin/orders/orderrequest/ HTTP/1.1" 200 17190
[2025-03-18 22:11:58] INFO "GET /admin/jsi18n/ HTTP/1.1" 200 17546
[2025-03-18 22:12:00] INFO "GET /admin/stores/store/ HTTP/1.1" 200 20019
[2025-03-18 22:12:00] INFO "GET /admin/jsi18n/ HTTP/1.1" 200 17546
[2025-03-18 22:12:01] INFO "GET /admin/stores/store/ HTTP/1.1" 200 20019
[2025-03-18 22:12:01] INFO "GET /admin/jsi18n/ HTTP/1.1" 200 17546
[2025-03-18 22:15:04] INFO "GET /admin/orders/orderrequest/ HTTP/1.1" 200 17190
[2025-03-18 22:15:04] INFO "GET /admin/jsi18n/ HTTP/1.1" 200 17546
[2025-03-18 22:15:07] INFO "GET /admin/orders/orderrequest/ HTTP/1.1" 200 17190
[2025-03-18 22:15:07] INFO "GET /admin/jsi18n/ HTTP/1.1" 200 17546
[2025-03-18 22:15:13] INFO "GET /admin/orders/orderrequest/add/ HTTP/1.1" 200 18216
[2025-03-18 22:15:13] INFO "GET /admin/jsi18n/ HTTP/1.1" 200 17546
[2025-03-18 22:15:21] INFO "POST /admin/orders/orderrequest/add/ HTTP/1.1" 302 0
[2025-03-18 22:15:21] INFO "GET /admin/orders/orderrequest/ HTTP/1.1" 200 18103
[2025-03-18 22:15:21] INFO "GET /admin/jsi18n/ HTTP/1.1" 200 17546
[2025-03-18 22:15:22] INFO "GET /admin/orders/orderrequest/ HTTP/1.1" 200 17799
[2025-03-18 22:15:22] INFO "GET /admin/jsi18n/ HTTP/1.1" 200 17546
[2025-03-18 22:15:27] INFO "GET /admin/stores/store/ HTTP/1.1" 200 20019
[2025-03-18 22:15:27] INFO "GET /admin/jsi18n/ HTTP/1.1" 200 17546
[2025-03-18 22:15:29] INFO "GET /admin/orders/orderrequest/5/change/ HTTP/1.1" 200 18539
[2025-03-18 22:15:29] INFO "GET /admin/jsi18n/ HTTP/1.1" 200 17546
[2025-03-18 22:15:30] INFO "POST /admin/orders/orderrequest/5/change/ HTTP/1.1" 302 0
[2025-03-18 22:15:30] INFO "GET /admin/orders/orderrequest/ HTTP/1.1" 200 18102
[2025-03-18 22:15:31] INFO "GET /admin/jsi18n/ HTTP/1.1" 200 17546
[2025-03-18 22:15:31] INFO "GET /admin/orders/orderrequest/ HTTP/1.1" 200 17797
[2025-03-18 22:15:31] INFO "GET /admin/jsi18n/ HTTP/1.1" 200 17546
[2025-03-18 22:15:32] INFO "GET /admin/stores/store/ HTTP/1.1" 200 20019
[2025-03-18 22:15:32] INFO "GET /admin/jsi18n/ HTTP/1.1" 200 17546
[2025-03-18 22:15:33] INFO "GET /admin/orders/orderrequest/5/change/ HTTP/1.1" 200 18536
[2025-03-18 22:15:34] INFO "GET /admin/jsi18n/ HTTP/1.1" 200 17546
[2025-03-18 22:15:35] INFO "POST /admin/orders/orderrequest/5/change/ HTTP/1.1" 302 0
[2025-03-18 22:15:36] INFO "GET /admin/orders/orderrequest/ HTTP/1.1" 200 18120
[2025-03-18 22:15:36] INFO "GET /admin/jsi18n/ HTTP/1.1" 200 17546
[2025-03-18 22:15:36] INFO "GET /admin/stores/store/ HTTP/1.1" 200 20019
[2025-03-18 22:15:37] INFO "GET /admin/jsi18n/ HTTP/1.1" 200 17546
[2025-03-18 22:15:37] INFO "GET /admin/stores/store/ HTTP/1.1" 200 20019
[2025-03-18 22:15:37] INFO "GET /admin/jsi18n/ HTTP/1.1" 200 17546
[2025-03-18 22:15:38] INFO "GET /admin/stores/store/ HTTP/1.1" 200 20019
[2025-03-18 22:15:38] INFO "GET /admin/jsi18n/ HTTP/1.1" 200 17546
[2025-03-18 22:15:38] INFO "GET /admin/stores/store/ HTTP/1.1" 200 20019
[2025-03-18 22:15:38] INFO "GET /admin/jsi18n/ HTTP/1.1" 200 17546
[2025-03-18 22:15:38] INFO "GET /admin/stores/store/ HTTP/1.1" 200 20019
[2025-03-18 22:15:39] INFO "GET /admin/jsi18n/ HTTP/1.1" 200 17546
[2025-03-18 22:15:39] INFO "GET /admin/orders/orderrequest/ HTTP/1.1" 200 17809
[2025-03-18 22:15:39] INFO "GET /admin/jsi18n/ HTTP/1.1" 200 17546
[2025-03-18 22:15:40] INFO "GET /admin/stores/store/ HTTP/1.1" 200 20019
[2025-03-18 22:15:40] INFO "GET /admin/jsi18n/ HTTP/1.1" 200 17546
[2025-03-18 22:15:41] INFO "GET /admin/orders/orderrequest/ HTTP/1.1" 200 17809
[2025-03-18 22:15:41] INFO "GET /admin/jsi18n/ HTTP/1.1" 200 17546
[2025-03-18 22:15:41] INFO "GET /admin/stores/store/ HTTP/1.1" 200 20019
[2025-03-18 22:15:41] INFO "GET /admin/jsi18n/ HTTP/1.1" 200 17546
[2025-03-18 22:15:42] INFO "GET /admin/orders/orderrequest/ HTTP/1.1" 200 17809
[2025-03-18 22:15:42] INFO "GET /admin/jsi18n/ HTTP/1.1" 200 17546
[2025-03-18 22:15:42] INFO "GET /admin/stores/store/ HTTP/1.1" 200 20019
[2025-03-18 22:15:43] INFO "GET /admin/jsi18n/ HTTP/1.1" 200 17546
[2025-03-18 22:15:58] INFO "GET /admin/stores/store/ HTTP/1.1" 200 20019
[2025-03-18 22:15:58] INFO "GET /admin/jsi18n/ HTTP/1.1" 200 17546
[2025-03-18 22:15:59] INFO "GET /admin/stores/store/ HTTP/1.1" 200 20019
[2025-03-18 22:15:59] INFO "GET /admin/jsi18n/ HTTP/1.1" 200 17546
[2025-03-18 22:16:04] INFO "GET /admin/orders/orderrequest/add/ HTTP/1.1" 200 18216
[2025-03-18 22:16:04] INFO "GET /admin/jsi18n/ HTTP/1.1" 200 17546
[2025-03-18 22:16:10] INFO "POST /admin/orders/orderrequest/add/ HTTP/1.1" 302 0
[2025-03-18 22:16:10] INFO "GET /admin/orders/orderrequest/ HTTP/1.1" 200 18711
[2025-03-18 22:16:11] INFO "GET /admin/jsi18n/ HTTP/1.1" 200 17546
[2025-03-18 22:16:11] INFO "GET /admin/stores/store/ HTTP/1.1" 200 20019
[2025-03-18 22:16:11] INFO "GET /admin/jsi18n/ HTTP/1.1" 200 17546
[2025-03-18 22:18:53] INFO Watching for file changes with StatReloader
[2025-03-18 22:19:04] INFO "GET /admin/stores/store/ HTTP/1.1" 200 20019
[2025-03-18 22:19:05] INFO "GET /admin/jsi18n/ HTTP/1.1" 200 17546
[2025-03-18 22:19:06] INFO "GET /admin/orders/orderrequest/ HTTP/1.1" 200 18410
[2025-03-18 22:19:06] INFO "GET /admin/jsi18n/ HTTP/1.1" 200 17546
[2025-03-18 22:19:07] INFO "GET /admin/orders/orderrequest/add/ HTTP/1.1" 200 18216
[2025-03-18 22:19:07] INFO "GET /admin/jsi18n/ HTTP/1.1" 200 17546
[2025-03-18 22:19:18] INFO "POST /admin/orders/orderrequest/add/ HTTP/1.1" 302 0
[2025-03-18 22:19:18] INFO "GET /admin/orders/orderrequest/ HTTP/1.1" 200 19318
[2025-03-18 22:19:18] INFO "GET /admin/jsi18n/ HTTP/1.1" 200 17546
[2025-03-18 22:19:20] INFO "GET /admin/stores/store/ HTTP/1.1" 200 20019
[2025-03-18 22:19:20] INFO "GET /admin/jsi18n/ HTTP/1.1" 200 17546
[2025-03-18 22:19:21] INFO "GET /admin/stores/store/ HTTP/1.1" 200 20019
[2025-03-18 22:19:21] INFO "GET /admin/jsi18n/ HTTP/1.1" 200 17546
[2025-03-18 22:19:22] INFO "GET /admin/stores/store/ HTTP/1.1" 200 20019
[2025-03-18 22:19:22] INFO "GET /admin/stores/store/ HTTP/1.1" 200 20019
[2025-03-18 22:19:22] INFO - Broken pipe from ('127.0.0.1', 32686)
[2025-03-18 22:19:22] INFO "GET /admin/jsi18n/ HTTP/1.1" 200 17546
[2025-03-18 22:19:22] INFO "GET /admin/stores/store/ HTTP/1.1" 200 20019
[2025-03-18 22:19:22] INFO "GET /admin/jsi18n/ HTTP/1.1" 200 17546
[2025-03-18 22:19:23] INFO "GET /admin/orders/orderrequest/ HTTP/1.1" 200 19015
[2025-03-18 22:19:23] INFO "GET /admin/jsi18n/ HTTP/1.1" 200 17546
[2025-03-18 22:19:29] INFO "GET /admin/stores/store/ HTTP/1.1" 200 20019
[2025-03-18 22:19:29] INFO "GET /admin/jsi18n/ HTTP/1.1" 200 17546
[2025-03-18 22:19:40] INFO "GET /admin/orders/orderrequest/ HTTP/1.1" 200 19015
[2025-03-18 22:19:40] INFO "GET /admin/jsi18n/ HTTP/1.1" 200 17546
[2025-03-18 22:21:14] INFO D:\Work\BAIEL\apps\orders\views.py changed, reloading.
[2025-03-18 22:21:15] INFO Watching for file changes with StatReloader
[2025-03-18 22:21:22] INFO D:\Work\BAIEL\apps\orders\views.py changed, reloading.
[2025-03-18 22:21:24] INFO Watching for file changes with StatReloader
[2025-03-18 22:21:29] INFO "GET /admin/orders/orderrequest/ HTTP/1.1" 200 19015
[2025-03-18 22:21:29] INFO "GET /admin/jsi18n/ HTTP/1.1" 200 17546
[2025-03-18 22:21:30] INFO "GET /admin/stores/store/ HTTP/1.1" 200 20019
[2025-03-18 22:21:31] INFO "GET /admin/jsi18n/ HTTP/1.1" 200 17546
[2025-03-18 22:21:31] INFO "GET /admin/stores/store/ HTTP/1.1" 200 20019
[2025-03-18 22:21:31] INFO "GET /admin/jsi18n/ HTTP/1.1" 200 17546
[2025-03-18 22:21:35] ERROR Internal Server Error: /admin/stores/store/
Traceback (most recent call last):
  File "D:\Work\BAIEL\venv\Lib\site-packages\django\db\backends\utils.py", line 105, in _execute
    return self.cursor.execute(sql, params)
           ^^^^^^^^^^^^^^^^^^^^^^^^^^^^^^^^
psycopg2.errors.UndefinedColumn: ОШИБКА:  столбец finance_finance.store_id не существует
LINE 1: ...M "finance_finance" INNER JOIN "stores_store" ON ("finance_f...
                                                             ^


The above exception was the direct cause of the following exception:

Traceback (most recent call last):
  File "D:\Work\BAIEL\venv\Lib\site-packages\django\core\handlers\exception.py", line 55, in inner
    response = get_response(request)
               ^^^^^^^^^^^^^^^^^^^^^
  File "D:\Work\BAIEL\venv\Lib\site-packages\django\core\handlers\base.py", line 197, in _get_response
    response = wrapped_callback(request, *callback_args, **callback_kwargs)
               ^^^^^^^^^^^^^^^^^^^^^^^^^^^^^^^^^^^^^^^^^^^^^^^^^^^^^^^^^^^^
  File "D:\Work\BAIEL\venv\Lib\site-packages\django\contrib\admin\options.py", line 718, in wrapper
    return self.admin_site.admin_view(view)(*args, **kwargs)
           ^^^^^^^^^^^^^^^^^^^^^^^^^^^^^^^^^^^^^^^^^^^^^^^^^
  File "D:\Work\BAIEL\venv\Lib\site-packages\django\utils\decorators.py", line 188, in _view_wrapper
    result = _process_exception(request, e)
             ^^^^^^^^^^^^^^^^^^^^^^^^^^^^^^
  File "D:\Work\BAIEL\venv\Lib\site-packages\django\utils\decorators.py", line 186, in _view_wrapper
    response = view_func(request, *args, **kwargs)
               ^^^^^^^^^^^^^^^^^^^^^^^^^^^^^^^^^^^
  File "D:\Work\BAIEL\venv\Lib\site-packages\django\views\decorators\cache.py", line 80, in _view_wrapper
    response = view_func(request, *args, **kwargs)
               ^^^^^^^^^^^^^^^^^^^^^^^^^^^^^^^^^^^
  File "D:\Work\BAIEL\venv\Lib\site-packages\django\contrib\admin\sites.py", line 241, in inner
    return view(request, *args, **kwargs)
           ^^^^^^^^^^^^^^^^^^^^^^^^^^^^^^
  File "D:\Work\BAIEL\venv\Lib\site-packages\django\utils\decorators.py", line 48, in _wrapper
    return bound_method(*args, **kwargs)
           ^^^^^^^^^^^^^^^^^^^^^^^^^^^^^
  File "D:\Work\BAIEL\venv\Lib\site-packages\django\utils\decorators.py", line 188, in _view_wrapper
    result = _process_exception(request, e)
             ^^^^^^^^^^^^^^^^^^^^^^^^^^^^^^
  File "D:\Work\BAIEL\venv\Lib\site-packages\django\utils\decorators.py", line 186, in _view_wrapper
    response = view_func(request, *args, **kwargs)
               ^^^^^^^^^^^^^^^^^^^^^^^^^^^^^^^^^^^
  File "D:\Work\BAIEL\venv\Lib\site-packages\django\contrib\admin\options.py", line 2032, in changelist_view
    response = self.response_action(
               ^^^^^^^^^^^^^^^^^^^^^
  File "D:\Work\BAIEL\venv\Lib\site-packages\django\contrib\admin\options.py", line 1664, in response_action
    response = func(self, request, queryset)
               ^^^^^^^^^^^^^^^^^^^^^^^^^^^^^
  File "D:\Work\BAIEL\venv\Lib\site-packages\django\contrib\admin\actions.py", line 39, in delete_selected
    ) = modeladmin.get_deleted_objects(queryset, request)
        ^^^^^^^^^^^^^^^^^^^^^^^^^^^^^^^^^^^^^^^^^^^^^^^^^
  File "D:\Work\BAIEL\venv\Lib\site-packages\django\contrib\admin\options.py", line 2174, in get_deleted_objects
    return get_deleted_objects(objs, request, self.admin_site)
           ^^^^^^^^^^^^^^^^^^^^^^^^^^^^^^^^^^^^^^^^^^^^^^^^^^^
  File "D:\Work\BAIEL\venv\Lib\site-packages\django\contrib\admin\utils.py", line 138, in get_deleted_objects
    collector.collect(objs)
  File "D:\Work\BAIEL\venv\Lib\site-packages\django\contrib\admin\utils.py", line 205, in collect
    return super().collect(objs, source_attr=source_attr, **kwargs)
           ^^^^^^^^^^^^^^^^^^^^^^^^^^^^^^^^^^^^^^^^^^^^^^^^^^^^^^^^
  File "D:\Work\BAIEL\venv\Lib\site-packages\django\db\models\deletion.py", line 344, in collect
    if getattr(on_delete, "lazy_sub_objs", False) or sub_objs:
                                                     ^^^^^^^^
  File "D:\Work\BAIEL\venv\Lib\site-packages\django\db\models\query.py", line 414, in __bool__
    self._fetch_all()
  File "D:\Work\BAIEL\venv\Lib\site-packages\django\db\models\query.py", line 1928, in _fetch_all
    self._result_cache = list(self._iterable_class(self))
                         ^^^^^^^^^^^^^^^^^^^^^^^^^^^^^^^^
  File "D:\Work\BAIEL\venv\Lib\site-packages\django\db\models\query.py", line 91, in __iter__
    results = compiler.execute_sql(
              ^^^^^^^^^^^^^^^^^^^^^
  File "D:\Work\BAIEL\venv\Lib\site-packages\django\db\models\sql\compiler.py", line 1574, in execute_sql
    cursor.execute(sql, params)
  File "D:\Work\BAIEL\venv\Lib\site-packages\django\db\backends\utils.py", line 122, in execute
    return super().execute(sql, params)
           ^^^^^^^^^^^^^^^^^^^^^^^^^^^^
  File "D:\Work\BAIEL\venv\Lib\site-packages\django\db\backends\utils.py", line 79, in execute
    return self._execute_with_wrappers(
           ^^^^^^^^^^^^^^^^^^^^^^^^^^^^
  File "D:\Work\BAIEL\venv\Lib\site-packages\django\db\backends\utils.py", line 92, in _execute_with_wrappers
    return executor(sql, params, many, context)
           ^^^^^^^^^^^^^^^^^^^^^^^^^^^^^^^^^^^^
  File "D:\Work\BAIEL\venv\Lib\site-packages\django\db\backends\utils.py", line 100, in _execute
    with self.db.wrap_database_errors:
  File "D:\Work\BAIEL\venv\Lib\site-packages\django\db\utils.py", line 91, in __exit__
    raise dj_exc_value.with_traceback(traceback) from exc_value
  File "D:\Work\BAIEL\venv\Lib\site-packages\django\db\backends\utils.py", line 105, in _execute
    return self.cursor.execute(sql, params)
           ^^^^^^^^^^^^^^^^^^^^^^^^^^^^^^^^
django.db.utils.ProgrammingError: ОШИБКА:  столбец finance_finance.store_id не существует
LINE 1: ...M "finance_finance" INNER JOIN "stores_store" ON ("finance_f...
                                                             ^

[2025-03-18 22:21:35] ERROR "POST /admin/stores/store/ HTTP/1.1" 500 216186
[2025-03-18 22:21:37] INFO "GET /admin/stores/store/ HTTP/1.1" 200 20019
[2025-03-18 23:02:41] INFO Watching for file changes with StatReloader
[2025-03-18 23:03:36] INFO "GET /admin/stores/store/ HTTP/1.1" 302 0
[2025-03-18 23:03:36] INFO "GET /admin/login/?next=/admin/stores/store/ HTTP/1.1" 200 4364
[2025-03-18 23:03:49] INFO "POST /admin/login/?next=/admin/stores/store/ HTTP/1.1" 302 0
[2025-03-18 23:03:49] INFO "GET /admin/stores/store/ HTTP/1.1" 200 14995
[2025-03-18 23:03:49] INFO "GET /admin/jsi18n/ HTTP/1.1" 200 17546
[2025-03-18 23:03:51] INFO "GET /admin/orders/orderrequest/ HTTP/1.1" 200 14409
[2025-03-18 23:03:51] INFO "GET /admin/jsi18n/ HTTP/1.1" 200 17546
[2025-03-18 23:03:52] INFO "GET /admin/orders/orderrequest/add/ HTTP/1.1" 200 18216
[2025-03-18 23:03:52] INFO "GET /admin/jsi18n/ HTTP/1.1" 200 17546
[2025-03-18 23:03:56] INFO "POST /admin/orders/orderrequest/add/ HTTP/1.1" 200 18533
[2025-03-18 23:03:56] INFO "GET /admin/jsi18n/ HTTP/1.1" 200 17546
[2025-03-18 23:04:00] INFO "POST /admin/orders/orderrequest/add/ HTTP/1.1" 302 0
[2025-03-18 23:04:01] INFO "GET /admin/orders/orderrequest/ HTTP/1.1" 200 17488
[2025-03-18 23:04:01] INFO "GET /admin/jsi18n/ HTTP/1.1" 200 17546
[2025-03-18 23:04:01] INFO "GET /admin/orders/orderrequest/ HTTP/1.1" 200 17186
[2025-03-18 23:04:02] INFO "GET /admin/jsi18n/ HTTP/1.1" 200 17546
[2025-03-18 23:04:02] INFO "GET /admin/stores/store/ HTTP/1.1" 200 14995
[2025-03-18 23:04:03] INFO "GET /admin/jsi18n/ HTTP/1.1" 200 17546
[2025-03-18 23:04:03] INFO "GET /admin/stores/store/ HTTP/1.1" 200 14995
[2025-03-18 23:04:03] INFO "GET /admin/jsi18n/ HTTP/1.1" 200 17546
[2025-03-18 23:04:04] INFO "GET /admin/stores/store/ HTTP/1.1" 200 14995
[2025-03-18 23:04:04] INFO "GET /admin/jsi18n/ HTTP/1.1" 200 17546
[2025-03-18 23:04:04] INFO "GET /admin/stores/store/ HTTP/1.1" 200 14995
[2025-03-18 23:04:04] INFO "GET /admin/jsi18n/ HTTP/1.1" 200 17546
[2025-03-18 23:04:04] INFO "GET /admin/stores/store/ HTTP/1.1" 200 14995
[2025-03-18 23:04:04] INFO "GET /admin/jsi18n/ HTTP/1.1" 200 17546
[2025-03-18 23:04:04] INFO "GET /admin/stores/store/ HTTP/1.1" 200 14995
[2025-03-18 23:04:05] INFO "GET /admin/jsi18n/ HTTP/1.1" 200 17546
[2025-03-18 23:04:05] INFO "GET /admin/stores/store/ HTTP/1.1" 200 14995
[2025-03-18 23:04:05] INFO "GET /admin/jsi18n/ HTTP/1.1" 200 17546
[2025-03-18 23:04:05] INFO "GET /admin/stores/store/ HTTP/1.1" 200 14995
[2025-03-18 23:04:05] INFO "GET /admin/stores/store/ HTTP/1.1" 200 14995
[2025-03-18 23:04:05] INFO "GET /admin/jsi18n/ HTTP/1.1" 200 17546
[2025-03-18 23:04:05] INFO "GET /admin/jsi18n/ HTTP/1.1" 200 17546
[2025-03-18 23:04:05] INFO "GET /admin/stores/store/ HTTP/1.1" 200 14995
[2025-03-18 23:04:05] INFO "GET /admin/jsi18n/ HTTP/1.1" 200 17546
[2025-03-18 23:04:15] INFO "GET /admin/orders/orderrequest/ HTTP/1.1" 200 17186
[2025-03-18 23:04:15] INFO "GET /admin/jsi18n/ HTTP/1.1" 200 17546
[2025-03-18 23:04:15] INFO "GET /admin/orders/orderrequest/ HTTP/1.1" 200 17186
[2025-03-18 23:04:15] INFO "GET /admin/jsi18n/ HTTP/1.1" 200 17546
[2025-03-18 23:04:16] INFO "GET /admin/orders/orderrequest/ HTTP/1.1" 200 17186
[2025-03-18 23:04:16] INFO "GET /admin/jsi18n/ HTTP/1.1" 200 17546
[2025-03-18 23:04:16] INFO "GET /admin/orders/orderrequest/ HTTP/1.1" 200 17186
[2025-03-18 23:04:17] INFO "GET /admin/jsi18n/ HTTP/1.1" 200 17546
[2025-03-18 23:04:17] INFO "GET /admin/orders/orderrequest/ HTTP/1.1" 200 17186
[2025-03-18 23:04:17] INFO "GET /admin/jsi18n/ HTTP/1.1" 200 17546
[2025-03-18 23:04:17] INFO "GET /admin/orders/orderrequest/ HTTP/1.1" 200 17186
[2025-03-18 23:04:17] INFO "GET /admin/jsi18n/ HTTP/1.1" 200 17546
[2025-03-18 23:04:17] INFO "GET /admin/orders/orderrequest/ HTTP/1.1" 200 17186
[2025-03-18 23:04:18] INFO "GET /admin/jsi18n/ HTTP/1.1" 200 17546
[2025-03-18 23:04:18] INFO "GET /admin/orders/orderrequest/ HTTP/1.1" 200 17186
[2025-03-18 23:04:18] INFO "GET /admin/jsi18n/ HTTP/1.1" 200 17546
[2025-03-18 23:04:18] INFO "GET /admin/orders/orderrequest/ HTTP/1.1" 200 17186
[2025-03-18 23:04:18] INFO "GET /admin/jsi18n/ HTTP/1.1" 200 17546
[2025-03-18 23:04:18] INFO "GET /admin/orders/orderrequest/ HTTP/1.1" 200 17186
[2025-03-18 23:04:18] INFO "GET /admin/jsi18n/ HTTP/1.1" 200 17546
[2025-03-18 23:10:21] INFO D:\Work\BAIEL\apps\orders\models.py changed, reloading.
[2025-03-18 23:10:23] INFO Watching for file changes with StatReloader
[2025-03-18 23:10:31] INFO D:\Work\BAIEL\apps\stores\models.py changed, reloading.
[2025-03-18 23:10:33] INFO Watching for file changes with StatReloader
[2025-03-18 23:12:24] INFO D:\Work\BAIEL\apps\orders\views.py changed, reloading.
[2025-03-18 23:12:26] INFO Watching for file changes with StatReloader
[2025-03-18 23:12:29] INFO D:\Work\BAIEL\apps\stores\views.py changed, reloading.
[2025-03-18 23:12:31] INFO Watching for file changes with StatReloader
[2025-03-18 23:12:49] INFO "GET /admin/orders/orderrequest/ HTTP/1.1" 200 17186
[2025-03-18 23:12:49] INFO "GET /admin/jsi18n/ HTTP/1.1" 200 17546
[2025-03-18 23:12:50] INFO "GET /admin/stores/store/ HTTP/1.1" 200 14995
[2025-03-18 23:12:50] INFO "GET /admin/jsi18n/ HTTP/1.1" 200 17546
[2025-03-18 23:12:50] INFO "GET /admin/stores/store/ HTTP/1.1" 200 14995
[2025-03-18 23:12:50] INFO "GET /admin/jsi18n/ HTTP/1.1" 200 17546
[2025-03-18 23:12:51] INFO "GET /admin/orders/orderrequest/ HTTP/1.1" 200 17186
[2025-03-18 23:12:51] INFO "GET /admin/jsi18n/ HTTP/1.1" 200 17546
[2025-03-18 23:12:53] INFO "GET /admin/orders/orderrequest/add/ HTTP/1.1" 200 18216
[2025-03-18 23:12:53] INFO "GET /admin/jsi18n/ HTTP/1.1" 200 17546
[2025-03-18 23:13:01] INFO "POST /admin/orders/orderrequest/add/ HTTP/1.1" 302 0
[2025-03-18 23:13:01] INFO "GET /admin/orders/orderrequest/ HTTP/1.1" 200 18102
[2025-03-18 23:13:02] INFO "GET /admin/jsi18n/ HTTP/1.1" 200 17546
[2025-03-18 23:13:03] INFO "GET /admin/stores/store/ HTTP/1.1" 200 14995
[2025-03-18 23:13:03] INFO "GET /admin/jsi18n/ HTTP/1.1" 200 17546
[2025-03-18 23:13:04] INFO "GET /admin/stores/store/ HTTP/1.1" 200 14995
[2025-03-18 23:13:04] INFO "GET /admin/jsi18n/ HTTP/1.1" 200 17546
[2025-03-18 23:14:48] INFO D:\Work\BAIEL\apps\orders\views.py changed, reloading.
[2025-03-18 23:14:50] INFO Watching for file changes with StatReloader
[2025-03-18 23:17:41] INFO "GET /admin/stores/store/ HTTP/1.1" 200 14995
[2025-03-18 23:17:42] INFO "GET /admin/jsi18n/ HTTP/1.1" 200 17546
[2025-03-18 23:17:42] INFO "GET /admin/stores/store/ HTTP/1.1" 200 14995
[2025-03-18 23:17:42] INFO "GET /admin/jsi18n/ HTTP/1.1" 200 17546
[2025-03-18 23:17:43] INFO "GET /admin/orders/orderrequest/ HTTP/1.1" 200 17797
[2025-03-18 23:17:43] INFO "GET /admin/jsi18n/ HTTP/1.1" 200 17546
[2025-03-18 23:17:45] INFO "GET /admin/orders/orderrequest/2/change/ HTTP/1.1" 200 18537
[2025-03-18 23:17:45] INFO "GET /admin/jsi18n/ HTTP/1.1" 200 17546
[2025-03-18 23:17:48] INFO "GET /admin/stores/store/ HTTP/1.1" 200 14995
[2025-03-18 23:17:48] INFO "GET /admin/jsi18n/ HTTP/1.1" 200 17546
[2025-03-18 23:17:50] INFO "GET /admin/stores/store/add/ HTTP/1.1" 200 20951
[2025-03-18 23:17:50] INFO "GET /admin/jsi18n/ HTTP/1.1" 200 17546
[2025-03-18 23:19:45] INFO "GET /admin/stores/store/ HTTP/1.1" 200 14995
[2025-03-18 23:19:45] INFO "GET /admin/jsi18n/ HTTP/1.1" 200 17546
[2025-03-18 23:19:45] INFO "GET /admin/stores/store/ HTTP/1.1" 200 14995
[2025-03-18 23:19:46] INFO "GET /admin/jsi18n/ HTTP/1.1" 200 17546
[2025-03-18 23:27:28] INFO D:\Work\BAIEL\apps\orders\models.py changed, reloading.
[2025-03-18 23:27:29] INFO Watching for file changes with StatReloader
[2025-03-18 23:33:11] INFO D:\Work\BAIEL\apps\orders\models.py changed, reloading.
[2025-03-18 23:33:12] INFO Watching for file changes with StatReloader
[2025-03-18 23:33:32] INFO D:\Work\BAIEL\apps\orders\views.py changed, reloading.
[2025-03-18 23:33:34] INFO Watching for file changes with StatReloader
[2025-03-18 23:33:44] INFO "GET /admin/stores/store/ HTTP/1.1" 200 14995
[2025-03-18 23:33:45] INFO "GET /admin/jsi18n/ HTTP/1.1" 200 17546
[2025-03-18 23:33:46] INFO "GET /admin/orders/orderrequest/ HTTP/1.1" 200 17797
[2025-03-18 23:33:46] INFO "GET /admin/jsi18n/ HTTP/1.1" 200 17546
[2025-03-18 23:33:47] INFO "GET /admin/orders/orderrequest/add/ HTTP/1.1" 200 18216
[2025-03-18 23:33:47] INFO "GET /admin/jsi18n/ HTTP/1.1" 200 17546
[2025-03-18 23:33:53] INFO "POST /admin/orders/orderrequest/add/ HTTP/1.1" 302 0
[2025-03-18 23:33:53] INFO "GET /admin/orders/orderrequest/ HTTP/1.1" 200 18705
[2025-03-18 23:33:53] INFO "GET /admin/jsi18n/ HTTP/1.1" 200 17546
[2025-03-18 23:33:54] INFO "GET /admin/stores/store/ HTTP/1.1" 200 14995
[2025-03-18 23:33:54] INFO "GET /admin/jsi18n/ HTTP/1.1" 200 17546
[2025-03-18 23:33:56] INFO "GET /admin/orders/orderrequest/ HTTP/1.1" 200 18402
[2025-03-18 23:33:56] INFO "GET /admin/jsi18n/ HTTP/1.1" 200 17546
[2025-03-18 23:35:43] INFO D:\Work\BAIEL\apps\orders\models.py changed, reloading.
[2025-03-18 23:35:44] INFO Watching for file changes with StatReloader
[2025-03-18 23:35:48] INFO D:\Work\BAIEL\apps\orders\views.py changed, reloading.
[2025-03-18 23:35:50] INFO Watching for file changes with StatReloader
[2025-03-18 23:36:09] INFO "GET /admin/orders/orderrequest/add/ HTTP/1.1" 200 18216
[2025-03-18 23:36:09] INFO "GET /admin/jsi18n/ HTTP/1.1" 200 17546
[2025-03-18 23:36:17] INFO "POST /admin/orders/orderrequest/add/ HTTP/1.1" 302 0
[2025-03-18 23:36:17] INFO "GET /admin/orders/orderrequest/ HTTP/1.1" 200 19286
[2025-03-18 23:36:18] INFO "GET /admin/jsi18n/ HTTP/1.1" 200 17546
[2025-03-18 23:36:21] INFO "GET /admin/orders/orderrequest/4/change/ HTTP/1.1" 200 18503
[2025-03-18 23:36:22] INFO "GET /admin/jsi18n/ HTTP/1.1" 200 17546
[2025-03-18 23:36:24] INFO "POST /admin/orders/orderrequest/4/change/ HTTP/1.1" 302 0
[2025-03-18 23:36:24] INFO "GET /admin/orders/orderrequest/ HTTP/1.1" 200 19303
[2025-03-18 23:36:25] INFO "GET /admin/jsi18n/ HTTP/1.1" 200 17546
[2025-03-18 23:36:26] INFO "GET /admin/stores/store/ HTTP/1.1" 200 14995
[2025-03-18 23:36:26] INFO "GET /admin/jsi18n/ HTTP/1.1" 200 17546
[2025-03-18 23:38:21] INFO D:\Work\BAIEL\apps\stores\migrations\0001_initial.py changed, reloading.
[2025-03-18 23:38:22] INFO Watching for file changes with StatReloader
[2025-03-18 23:39:17] INFO D:\Work\BAIEL\apps\orders\admin.py changed, reloading.
[2025-03-18 23:39:19] INFO Watching for file changes with StatReloader
[2025-03-18 23:39:23] INFO D:\Work\BAIEL\apps\orders\admin.py changed, reloading.
[2025-03-18 23:39:24] INFO Watching for file changes with StatReloader
[2025-03-18 23:39:36] INFO "GET /admin/stores/store/ HTTP/1.1" 200 14995
[2025-03-18 23:39:36] INFO "GET /admin/jsi18n/ HTTP/1.1" 200 17546
[2025-03-18 23:39:37] INFO "GET /admin/stores/store/ HTTP/1.1" 200 14995
[2025-03-18 23:39:37] INFO "GET /admin/jsi18n/ HTTP/1.1" 200 17546
[2025-03-18 23:39:37] INFO "GET /admin/orders/orderrequest/ HTTP/1.1" 200 19275
[2025-03-18 23:39:37] INFO "GET /admin/jsi18n/ HTTP/1.1" 200 17546
[2025-03-18 23:39:39] INFO "GET /admin/orders/orderrequest/add/ HTTP/1.1" 200 18216
[2025-03-18 23:39:39] INFO "GET /admin/jsi18n/ HTTP/1.1" 200 17546
[2025-03-18 23:39:47] ERROR Internal Server Error: /admin/orders/orderrequest/add/
Traceback (most recent call last):
  File "D:\Work\BAIEL\venv\Lib\site-packages\django\db\models\query.py", line 948, in get_or_create
    return self.get(**kwargs), False
           ^^^^^^^^^^^^^^^^^^
  File "D:\Work\BAIEL\venv\Lib\site-packages\django\db\models\query.py", line 649, in get
    raise self.model.DoesNotExist(
apps.stores.models.Store.DoesNotExist: Store matching query does not exist.

During handling of the above exception, another exception occurred:

Traceback (most recent call last):
  File "D:\Work\BAIEL\venv\Lib\site-packages\django\core\handlers\exception.py", line 55, in inner
    response = get_response(request)
               ^^^^^^^^^^^^^^^^^^^^^
  File "D:\Work\BAIEL\venv\Lib\site-packages\django\core\handlers\base.py", line 197, in _get_response
    response = wrapped_callback(request, *callback_args, **callback_kwargs)
               ^^^^^^^^^^^^^^^^^^^^^^^^^^^^^^^^^^^^^^^^^^^^^^^^^^^^^^^^^^^^
  File "D:\Work\BAIEL\venv\Lib\site-packages\django\contrib\admin\options.py", line 718, in wrapper
    return self.admin_site.admin_view(view)(*args, **kwargs)
           ^^^^^^^^^^^^^^^^^^^^^^^^^^^^^^^^^^^^^^^^^^^^^^^^^
  File "D:\Work\BAIEL\venv\Lib\site-packages\django\utils\decorators.py", line 188, in _view_wrapper
    result = _process_exception(request, e)
             ^^^^^^^^^^^^^^^^^^^^^^^^^^^^^^
  File "D:\Work\BAIEL\venv\Lib\site-packages\django\utils\decorators.py", line 186, in _view_wrapper
    response = view_func(request, *args, **kwargs)
               ^^^^^^^^^^^^^^^^^^^^^^^^^^^^^^^^^^^
  File "D:\Work\BAIEL\venv\Lib\site-packages\django\views\decorators\cache.py", line 80, in _view_wrapper
    response = view_func(request, *args, **kwargs)
               ^^^^^^^^^^^^^^^^^^^^^^^^^^^^^^^^^^^
  File "D:\Work\BAIEL\venv\Lib\site-packages\django\contrib\admin\sites.py", line 241, in inner
    return view(request, *args, **kwargs)
           ^^^^^^^^^^^^^^^^^^^^^^^^^^^^^^
  File "D:\Work\BAIEL\venv\Lib\site-packages\django\contrib\admin\options.py", line 1959, in add_view
    return self.changeform_view(request, None, form_url, extra_context)
           ^^^^^^^^^^^^^^^^^^^^^^^^^^^^^^^^^^^^^^^^^^^^^^^^^^^^^^^^^^^^
  File "D:\Work\BAIEL\venv\Lib\site-packages\django\utils\decorators.py", line 48, in _wrapper
    return bound_method(*args, **kwargs)
           ^^^^^^^^^^^^^^^^^^^^^^^^^^^^^
  File "D:\Work\BAIEL\venv\Lib\site-packages\django\utils\decorators.py", line 188, in _view_wrapper
    result = _process_exception(request, e)
             ^^^^^^^^^^^^^^^^^^^^^^^^^^^^^^
  File "D:\Work\BAIEL\venv\Lib\site-packages\django\utils\decorators.py", line 186, in _view_wrapper
    response = view_func(request, *args, **kwargs)
               ^^^^^^^^^^^^^^^^^^^^^^^^^^^^^^^^^^^
  File "D:\Work\BAIEL\venv\Lib\site-packages\django\contrib\admin\options.py", line 1818, in changeform_view
    return self._changeform_view(request, object_id, form_url, extra_context)
           ^^^^^^^^^^^^^^^^^^^^^^^^^^^^^^^^^^^^^^^^^^^^^^^^^^^^^^^^^^^^^^^^^^
  File "D:\Work\BAIEL\venv\Lib\site-packages\django\contrib\admin\options.py", line 1869, in _changeform_view
    self.save_model(request, new_object, form, not add)
  File "D:\Work\BAIEL\apps\orders\admin.py", line 13, in save_model
    obj.approve()
  File "D:\Work\BAIEL\apps\orders\models.py", line 34, in approve
    store, created = Store.objects.get_or_create(
                     ^^^^^^^^^^^^^^^^^^^^^^^^^^^^
  File "D:\Work\BAIEL\venv\Lib\site-packages\django\db\models\manager.py", line 87, in manager_method
    return getattr(self.get_queryset(), name)(*args, **kwargs)
           ^^^^^^^^^^^^^^^^^^^^^^^^^^^^^^^^^^^^^^^^^^^^^^^^^^^
  File "D:\Work\BAIEL\venv\Lib\site-packages\django\db\models\query.py", line 955, in get_or_create
    return self.create(**params), True
           ^^^^^^^^^^^^^^^^^^^^^
  File "D:\Work\BAIEL\venv\Lib\site-packages\django\db\models\query.py", line 679, in create
    obj.save(force_insert=True, using=self.db)
  File "D:\Work\BAIEL\apps\stores\models.py", line 45, in save
    super().save(*args, **kwargs)
  File "D:\Work\BAIEL\venv\Lib\site-packages\django\db\models\base.py", line 848, in save
    self._prepare_related_fields_for_save(operation_name="save")
  File "D:\Work\BAIEL\venv\Lib\site-packages\django\db\models\base.py", line 1234, in _prepare_related_fields_for_save
    raise ValueError(
ValueError: save() prohibited to prevent data loss due to unsaved related object 'order'.
[2025-03-18 23:39:47] ERROR "POST /admin/orders/orderrequest/add/ HTTP/1.1" 500 177271
[2025-03-18 23:42:27] INFO D:\Work\BAIEL\apps\orders\models.py changed, reloading.
[2025-03-18 23:42:28] INFO Watching for file changes with StatReloader
[2025-03-18 23:42:38] INFO "POST /admin/orders/orderrequest/add/ HTTP/1.1" 302 0
[2025-03-18 23:42:38] INFO "GET /admin/orders/orderrequest/ HTTP/1.1" 200 20169
[2025-03-18 23:42:38] INFO "GET /admin/jsi18n/ HTTP/1.1" 200 17546
[2025-03-18 23:42:42] INFO "GET /admin/stores/store/ HTTP/1.1" 200 18901
[2025-03-18 23:42:42] INFO "GET /admin/jsi18n/ HTTP/1.1" 200 17546
[2025-03-18 23:44:24] INFO "GET /admin/orders/orderrequest/ HTTP/1.1" 200 19867
[2025-03-18 23:44:25] INFO "GET /admin/jsi18n/ HTTP/1.1" 200 17546
[2025-03-18 23:44:26] INFO "GET /admin/orders/orderrequest/add/ HTTP/1.1" 200 18216
[2025-03-18 23:44:26] INFO "GET /admin/jsi18n/ HTTP/1.1" 200 17546
[2025-03-18 23:44:36] INFO "POST /admin/orders/orderrequest/add/ HTTP/1.1" 302 0
[2025-03-18 23:44:36] INFO "GET /admin/orders/orderrequest/ HTTP/1.1" 200 20779
[2025-03-18 23:44:36] INFO "GET /admin/jsi18n/ HTTP/1.1" 200 17546
[2025-03-18 23:44:38] INFO "GET /admin/stores/store/ HTTP/1.1" 200 18901
[2025-03-18 23:44:38] INFO "GET /admin/jsi18n/ HTTP/1.1" 200 17546
[2025-03-18 23:44:39] INFO "GET /admin/orders/orderrequest/ HTTP/1.1" 200 20477
[2025-03-18 23:44:39] INFO "GET /admin/jsi18n/ HTTP/1.1" 200 17546
[2025-03-18 23:44:39] INFO "GET /admin/orders/orderrequest/6/change/ HTTP/1.1" 200 18529
[2025-03-18 23:44:40] INFO "GET /admin/jsi18n/ HTTP/1.1" 200 17546
[2025-03-18 23:44:41] INFO "POST /admin/orders/orderrequest/6/change/ HTTP/1.1" 302 0
[2025-03-18 23:44:41] INFO "GET /admin/orders/orderrequest/ HTTP/1.1" 200 20778
[2025-03-18 23:44:42] INFO "GET /admin/jsi18n/ HTTP/1.1" 200 17546
[2025-03-18 23:44:42] INFO "GET /admin/stores/store/ HTTP/1.1" 200 18901
[2025-03-18 23:44:42] INFO "GET /admin/jsi18n/ HTTP/1.1" 200 17546
[2025-03-18 23:44:43] INFO "GET /admin/orders/orderrequest/ HTTP/1.1" 200 20475
[2025-03-18 23:44:44] INFO "GET /admin/jsi18n/ HTTP/1.1" 200 17546
[2025-03-18 23:44:45] INFO "GET /admin/orders/orderrequest/6/change/ HTTP/1.1" 200 18526
[2025-03-18 23:44:45] INFO "GET /admin/jsi18n/ HTTP/1.1" 200 17546
[2025-03-18 23:44:47] INFO "POST /admin/orders/orderrequest/6/change/ HTTP/1.1" 302 0
[2025-03-18 23:44:47] INFO "GET /admin/orders/orderrequest/ HTTP/1.1" 200 20796
[2025-03-18 23:44:47] INFO "GET /admin/jsi18n/ HTTP/1.1" 200 17546
[2025-03-18 23:44:48] INFO "GET /admin/stores/store/ HTTP/1.1" 200 20011
[2025-03-18 23:44:48] INFO "GET /admin/jsi18n/ HTTP/1.1" 200 17546
[2025-03-18 23:49:02] INFO "GET /admin/stores/store/2/change/ HTTP/1.1" 200 21278
[2025-03-18 23:49:02] INFO "GET /admin/jsi18n/ HTTP/1.1" 200 17546
[2025-03-18 23:49:11] WARNING Unauthorized: /api/stores/stores/1/
[2025-03-18 23:49:11] WARNING "PATCH /api/stores/stores/1/ HTTP/1.1" 401 226
[2025-03-18 23:51:26] WARNING Unauthorized: /api/users/login/
[2025-03-18 23:51:26] WARNING "POST /api/users/login/ HTTP/1.1" 401 226
[2025-03-18 23:51:36] INFO "POST /api/users/login/ HTTP/1.1" 200 483
[2025-03-18 23:51:55] INFO 💰 Магазин DADAD внёс 51.00 KGS. Долг был 0, стал 0.
[2025-03-18 23:51:55] INFO "PATCH /api/stores/stores/1/ HTTP/1.1" 200 223
[2025-03-18 23:52:04] INFO "POST /admin/stores/store/2/change/ HTTP/1.1" 302 0
[2025-03-18 23:52:04] INFO "GET /admin/stores/store/ HTTP/1.1" 200 20235
[2025-03-18 23:52:04] INFO "GET /admin/jsi18n/ HTTP/1.1" 200 17546
[2025-03-18 23:52:07] INFO 💰 Магазин DADAD внёс 102.00 KGS. Долг был 0, стал 0.
[2025-03-18 23:52:07] INFO "PATCH /api/stores/stores/1/ HTTP/1.1" 200 224
[2025-03-18 23:52:18] INFO 💰 Магазин Бай man внёс 51.00 KGS. Долг был 49949.00, стал 49898.00.
[2025-03-18 23:52:18] INFO "PATCH /api/stores/stores/2/ HTTP/1.1" 200 250
[2025-03-18 23:52:20] INFO 💰 Магазин Бай man внёс 102.00 KGS. Долг был 49847.00, стал 49745.00.
[2025-03-18 23:52:20] INFO "PATCH /api/stores/stores/2/ HTTP/1.1" 200 251
[2025-03-18 23:52:22] INFO 💰 Магазин Бай man внёс 153.00 KGS. Долг был 49694.00, стал 49541.00.
[2025-03-18 23:52:22] INFO "PATCH /api/stores/stores/2/ HTTP/1.1" 200 251
[2025-03-18 23:52:23] INFO 💰 Магазин Бай man внёс 204.00 KGS. Долг был 49490.00, стал 49286.00.
[2025-03-18 23:52:23] INFO "PATCH /api/stores/stores/2/ HTTP/1.1" 200 251
[2025-03-18 23:52:24] INFO 💰 Магазин Бай man внёс 255.00 KGS. Долг был 49235.00, стал 48980.00.
[2025-03-18 23:52:24] INFO "PATCH /api/stores/stores/2/ HTTP/1.1" 200 251
[2025-03-18 23:52:25] INFO "GET /admin/stores/store/2/change/ HTTP/1.1" 200 21284
[2025-03-18 23:52:25] INFO "GET /admin/jsi18n/ HTTP/1.1" 200 17546
[2025-03-19 00:26:23] INFO 💰 Магазин Бай man внёс 49235.00 KGS. Долг был 0.00, стал 0.
[2025-03-19 00:26:23] INFO "PATCH /api/stores/stores/2/ HTTP/1.1" 200 249
[2025-03-19 00:26:26] INFO 💰 Магазин Бай man внёс 98215.00 KGS. Долг был 0, стал 0.
[2025-03-19 00:26:26] INFO "PATCH /api/stores/stores/2/ HTTP/1.1" 200 249
[2025-03-19 01:07:34] INFO "GET /api/stores/stores/2/ HTTP/1.1" 200 249
[2025-03-19 01:15:07] WARNING Method Not Allowed: /api/orders/
[2025-03-19 01:15:07] WARNING "POST /api/orders/ HTTP/1.1" 405 55
[2025-03-19 01:15:28] WARNING Unauthorized: /api/orders/
[2025-03-19 01:15:28] WARNING "POST /api/orders/ HTTP/1.1" 401 82
[2025-03-19 01:15:39] WARNING Method Not Allowed: /api/orders/
[2025-03-19 01:15:39] WARNING "POST /api/orders/ HTTP/1.1" 405 55
[2025-03-19 01:15:44] INFO "GET /api/orders/ HTTP/1.1" 200 69
[2025-03-19 01:15:52] INFO "GET /api/orders/order-requests/ HTTP/1.1" 200 917
[2025-03-19 01:16:21] WARNING Bad Request: /api/orders/order-requests/
[2025-03-19 01:16:21] WARNING "POST /api/orders/order-requests/ HTTP/1.1" 400 50
[2025-03-19 01:16:34] INFO "POST /api/orders/order-requests/ HTTP/1.1" 201 161
[2025-03-19 01:16:47] INFO "GET /admin/orders/orderrequest/ HTTP/1.1" 200 21104
[2025-03-19 01:16:47] INFO "GET /admin/jsi18n/ HTTP/1.1" 200 17546
[2025-03-19 01:16:48] INFO "GET /admin/orders/orderrequest/ HTTP/1.1" 200 21104
[2025-03-19 01:16:48] INFO "GET /admin/jsi18n/ HTTP/1.1" 200 17546
[2025-03-19 01:20:47] WARNING Not Found: /api/orders/order-request
[2025-03-19 01:20:47] WARNING "GET /api/orders/order-request HTTP/1.1" 404 6589
[2025-03-19 01:22:53] WARNING Bad Request: /api/orders/order-requests/1/approve/
[2025-03-19 01:22:53] WARNING "POST /api/orders/order-requests/1/approve/ HTTP/1.1" 400 53
[2025-03-19 01:22:57] WARNING Bad Request: /api/orders/order-requests/1/approve/
[2025-03-19 01:22:57] WARNING "POST /api/orders/order-requests/1/approve/ HTTP/1.1" 400 53
[2025-03-19 01:23:01] INFO "POST /api/orders/order-requests/7/approve/ HTTP/1.1" 200 105
[2025-03-19 01:23:08] INFO "GET /admin/orders/orderrequest/ HTTP/1.1" 200 21114
[2025-03-19 01:23:08] INFO "GET /admin/jsi18n/ HTTP/1.1" 200 17546
[2025-03-19 01:23:11] INFO "GET /admin/stores/store/ HTTP/1.1" 200 21114
[2025-03-19 01:23:11] INFO "GET /admin/jsi18n/ HTTP/1.1" 200 17546
[2025-03-19 01:23:56] INFO "GET /api/stores/ HTTP/1.1" 200 53
[2025-03-19 01:24:03] INFO "GET /api/stores/stores HTTP/1.1" 301 0
[2025-03-19 01:24:03] INFO "GET /api/stores/stores/ HTTP/1.1" 200 718
[2025-03-19 01:24:15] WARNING Not Found: /api/orders/order-requests/1/reject/
[2025-03-19 01:24:15] WARNING "GET /api/orders/order-requests/1/reject/ HTTP/1.1" 404 6622
[2025-03-19 01:24:21] WARNING Not Found: /api/orders/order-requests/7/reject/
[2025-03-19 01:24:21] WARNING "GET /api/orders/order-requests/7/reject/ HTTP/1.1" 404 6622
[2025-03-19 01:26:46] INFO D:\Work\BAIEL\apps\orders\views.py changed, reloading.
[2025-03-19 01:26:48] INFO Watching for file changes with StatReloader
[2025-03-19 01:26:54] WARNING Method Not Allowed: /api/orders/order-requests/7/reject/
[2025-03-19 01:26:54] WARNING "GET /api/orders/order-requests/7/reject/ HTTP/1.1" 405 54
[2025-03-19 01:26:58] WARNING Bad Request: /api/orders/order-requests/7/reject/
[2025-03-19 01:26:58] WARNING "POST /api/orders/order-requests/7/reject/ HTTP/1.1" 400 93
[2025-03-19 01:33:53] INFO "PATCH /api/orders/order-requests/7/ HTTP/1.1" 200 161
[2025-03-19 01:34:01] INFO "GET /admin/stores/store/ HTTP/1.1" 200 21114
[2025-03-19 01:34:01] INFO "GET /admin/jsi18n/ HTTP/1.1" 200 17546
[2025-03-19 01:34:01] INFO "GET /admin/stores/store/ HTTP/1.1" 200 21114
[2025-03-19 01:34:02] INFO "GET /admin/jsi18n/ HTTP/1.1" 200 17546
[2025-03-19 01:34:02] INFO "GET /admin/orders/orderrequest/ HTTP/1.1" 200 21112
[2025-03-19 01:34:02] INFO "GET /admin/jsi18n/ HTTP/1.1" 200 17546
[2025-03-19 01:34:03] INFO "GET /admin/orders/orderrequest/ HTTP/1.1" 200 21112
[2025-03-19 01:34:03] INFO "GET /admin/jsi18n/ HTTP/1.1" 200 17546
[2025-03-19 01:34:03] INFO "GET /admin/orders/orderrequest/ HTTP/1.1" 200 21112
[2025-03-19 01:34:04] INFO "GET /admin/jsi18n/ HTTP/1.1" 200 17546
[2025-03-19 01:34:21] INFO "PATCH /api/stores/stores/3/ HTTP/1.1" 200 241
[2025-03-19 01:34:24] INFO "GET /admin/stores/store/ HTTP/1.1" 200 21114
[2025-03-19 01:34:24] INFO "GET /admin/jsi18n/ HTTP/1.1" 200 17546
[2025-03-19 01:34:26] INFO "GET /admin/stores/store/ HTTP/1.1" 200 21114
[2025-03-19 01:34:26] INFO "GET /admin/jsi18n/ HTTP/1.1" 200 17546
[2025-03-19 01:34:35] INFO "PATCH /api/stores/stores/3/ HTTP/1.1" 200 240
[2025-03-19 01:34:37] INFO "GET /admin/stores/store/ HTTP/1.1" 200 21112
[2025-03-19 01:34:37] INFO "GET /admin/jsi18n/ HTTP/1.1" 200 17546
[2025-03-19 01:40:57] INFO D:\Work\BAIEL\apps\stores\models.py changed, reloading.
[2025-03-19 01:40:59] INFO Watching for file changes with StatReloader
[2025-03-19 01:41:10] WARNING Method Not Allowed: /api/stores/stores/2/
[2025-03-19 01:41:10] WARNING "POST /api/stores/stores/2/ HTTP/1.1" 405 55
[2025-03-19 01:41:13] INFO ✅ Долг магазина Бай man полностью погашен!
[2025-03-19 01:41:13] INFO "PATCH /api/stores/stores/2/ HTTP/1.1" 200 250
[2025-03-19 01:41:16] INFO ✅ Долг магазина Бай man полностью погашен!
[2025-03-19 01:41:16] INFO "PATCH /api/stores/stores/2/ HTTP/1.1" 200 250
[2025-03-19 01:41:40] INFO "GET /admin/stores/store/ HTTP/1.1" 200 21113
[2025-03-19 01:41:41] INFO "GET /admin/jsi18n/ HTTP/1.1" 200 17546
[2025-03-19 01:41:42] INFO "GET /admin/orders/orderrequest/ HTTP/1.1" 200 21112
[2025-03-19 01:41:43] INFO "GET /admin/jsi18n/ HTTP/1.1" 200 17546
[2025-03-19 01:41:46] INFO "GET /admin/stores/store/ HTTP/1.1" 200 21113
[2025-03-19 01:41:46] INFO "GET /admin/jsi18n/ HTTP/1.1" 200 17546
[2025-03-19 01:41:47] INFO "GET /admin/stores/store/3/change/ HTTP/1.1" 200 21320
[2025-03-19 01:41:47] INFO "GET /admin/jsi18n/ HTTP/1.1" 200 17546
[2025-03-19 01:41:55] INFO ✅ Долг магазина МойМагазин полностью погашен!
[2025-03-19 01:41:55] INFO "POST /admin/stores/store/3/change/ HTTP/1.1" 302 0
[2025-03-19 01:41:55] INFO "GET /admin/stores/store/ HTTP/1.1" 200 21351
[2025-03-19 01:41:55] INFO "GET /admin/jsi18n/ HTTP/1.1" 200 17546
[2025-03-19 01:42:00] INFO ✅ Долг магазина МойМагазин полностью погашен!
[2025-03-19 01:42:00] INFO "PATCH /api/stores/stores/3/ HTTP/1.1" 200 241
[2025-03-19 01:42:03] INFO ✅ Долг магазина МойМагазин полностью погашен!
[2025-03-19 01:42:03] INFO "PATCH /api/stores/stores/3/ HTTP/1.1" 200 242
[2025-03-19 01:42:05] INFO "GET /admin/stores/store/ HTTP/1.1" 200 21106
[2025-03-19 01:42:05] INFO "GET /admin/jsi18n/ HTTP/1.1" 200 17546
[2025-03-19 01:42:11] INFO ✅ Долг магазина МойМагазин полностью погашен!
[2025-03-19 01:42:11] INFO ✅ Долг магазина Бай man полностью погашен!
[2025-03-19 01:42:11] INFO ✅ Долг магазина DADAD полностью погашен!
[2025-03-19 01:42:11] INFO "POST /admin/stores/store/ HTTP/1.1" 302 0
[2025-03-19 01:42:11] INFO "GET /admin/stores/store/ HTTP/1.1" 200 21299
[2025-03-19 01:42:11] INFO "GET /admin/jsi18n/ HTTP/1.1" 200 17546
[2025-03-19 01:42:14] INFO "GET /admin/stores/store/3/change/ HTTP/1.1" 200 21322
[2025-03-19 01:42:14] INFO "GET /admin/jsi18n/ HTTP/1.1" 200 17546
[2025-03-19 01:42:20] INFO ✅ Долг магазина МойМагазин полностью погашен!
[2025-03-19 01:42:20] INFO "POST /admin/stores/store/3/change/ HTTP/1.1" 302 0
[2025-03-19 01:42:20] INFO "GET /admin/stores/store/ HTTP/1.1" 200 21369
[2025-03-19 01:42:20] INFO "GET /admin/jsi18n/ HTTP/1.1" 200 17546
[2025-03-19 01:42:25] INFO "GET /admin/stores/store/3/change/ HTTP/1.1" 200 21320
[2025-03-19 01:42:25] INFO "GET /admin/jsi18n/ HTTP/1.1" 200 17546
[2025-03-19 01:43:54] INFO D:\Work\BAIEL\apps\stores\models.py changed, reloading.
[2025-03-19 01:43:55] INFO Watching for file changes with StatReloader
[2025-03-19 01:44:04] INFO 📝 Долг обновлен вручную: 0.00 → 500
[2025-03-19 01:44:04] INFO "POST /admin/stores/store/3/change/ HTTP/1.1" 302 0
[2025-03-19 01:44:04] INFO "GET /admin/stores/store/ HTTP/1.1" 200 21339
[2025-03-19 01:44:04] INFO "GET /admin/jsi18n/ HTTP/1.1" 200 17546
[2025-03-19 01:44:10] INFO 📝 Долг обновлен вручную: 500.00 → 450.00
[2025-03-19 01:44:10] INFO "PATCH /api/stores/stores/3/ HTTP/1.1" 200 243
[2025-03-19 01:44:12] INFO 📝 Долг обновлен вручную: 450.00 → 400.00
[2025-03-19 01:44:12] INFO "PATCH /api/stores/stores/3/ HTTP/1.1" 200 244
[2025-03-19 01:44:13] INFO 📝 Долг обновлен вручную: 350.00 → 300.00
[2025-03-19 01:44:13] INFO "PATCH /api/stores/stores/3/ HTTP/1.1" 200 244
[2025-03-19 01:44:16] INFO 📝 Долг обновлен вручную: 200.00 → 150.00
[2025-03-19 01:44:16] INFO ✅ Долг магазина МойМагазин полностью погашен!
[2025-03-19 01:44:16] INFO "PATCH /api/stores/stores/3/ HTTP/1.1" 200 242
[2025-03-19 01:44:20] INFO ✅ Долг магазина МойМагазин полностью погашен!
[2025-03-19 01:44:20] INFO "PATCH /api/stores/stores/3/ HTTP/1.1" 200 242
[2025-03-19 01:44:22] INFO ✅ Долг магазина МойМагазин полностью погашен!
[2025-03-19 01:44:22] INFO "PATCH /api/stores/stores/3/ HTTP/1.1" 200 242
[2025-03-19 01:48:22] INFO D:\Work\BAIEL\apps\stores\models.py changed, reloading.
[2025-03-19 01:48:23] INFO Watching for file changes with StatReloader
[2025-03-19 01:48:33] ERROR Internal Server Error: /api/stores/stores/3/
Traceback (most recent call last):
  File "D:\Work\BAIEL\venv\Lib\site-packages\django\core\handlers\exception.py", line 55, in inner
    response = get_response(request)
               ^^^^^^^^^^^^^^^^^^^^^
  File "D:\Work\BAIEL\venv\Lib\site-packages\django\core\handlers\base.py", line 197, in _get_response
    response = wrapped_callback(request, *callback_args, **callback_kwargs)
               ^^^^^^^^^^^^^^^^^^^^^^^^^^^^^^^^^^^^^^^^^^^^^^^^^^^^^^^^^^^^
  File "D:\Work\BAIEL\venv\Lib\site-packages\django\views\decorators\csrf.py", line 65, in _view_wrapper
    return view_func(request, *args, **kwargs)
           ^^^^^^^^^^^^^^^^^^^^^^^^^^^^^^^^^^^
  File "D:\Work\BAIEL\venv\Lib\site-packages\rest_framework\viewsets.py", line 124, in view
    return self.dispatch(request, *args, **kwargs)
           ^^^^^^^^^^^^^^^^^^^^^^^^^^^^^^^^^^^^^^^
  File "D:\Work\BAIEL\venv\Lib\site-packages\rest_framework\views.py", line 509, in dispatch
    response = self.handle_exception(exc)
               ^^^^^^^^^^^^^^^^^^^^^^^^^^
  File "D:\Work\BAIEL\venv\Lib\site-packages\rest_framework\views.py", line 469, in handle_exception
    self.raise_uncaught_exception(exc)
  File "D:\Work\BAIEL\venv\Lib\site-packages\rest_framework\views.py", line 480, in raise_uncaught_exception
    raise exc
  File "D:\Work\BAIEL\venv\Lib\site-packages\rest_framework\views.py", line 506, in dispatch
    response = handler(request, *args, **kwargs)
               ^^^^^^^^^^^^^^^^^^^^^^^^^^^^^^^^^
  File "D:\Work\BAIEL\venv\Lib\site-packages\rest_framework\mixins.py", line 82, in partial_update
    return self.update(request, *args, **kwargs)
           ^^^^^^^^^^^^^^^^^^^^^^^^^^^^^^^^^^^^^
  File "D:\Work\BAIEL\venv\Lib\site-packages\rest_framework\mixins.py", line 68, in update
    self.perform_update(serializer)
  File "D:\Work\BAIEL\venv\Lib\site-packages\rest_framework\mixins.py", line 78, in perform_update
    serializer.save()
  File "D:\Work\BAIEL\venv\Lib\site-packages\rest_framework\serializers.py", line 203, in save
    self.instance = self.update(self.instance, validated_data)
                    ^^^^^^^^^^^^^^^^^^^^^^^^^^^^^^^^^^^^^^^^^^
  File "D:\Work\BAIEL\apps\stores\serializers.py", line 29, in update
    instance.save()
  File "D:\Work\BAIEL\apps\stores\models.py", line 40, in save
    raise ValidationError("Ошибка: Долг уже полностью погашен, платежи больше не принимаются.")
django.core.exceptions.ValidationError: ['Ошибка: Долг уже полностью погашен, платежи больше не принимаются.']
[2025-03-19 01:48:33] ERROR "PATCH /api/stores/stores/3/ HTTP/1.1" 500 133093
[2025-03-19 01:50:26] INFO D:\Work\BAIEL\apps\stores\views.py changed, reloading.
[2025-03-19 01:50:27] INFO Watching for file changes with StatReloader
[2025-03-19 01:50:29] WARNING Bad Request: /api/stores/stores/3/
[2025-03-19 01:50:29] WARNING "PATCH /api/stores/stores/3/ HTTP/1.1" 400 137
[2025-03-19 01:51:14] INFO "GET /admin/stores/store/ HTTP/1.1" 200 21101
[2025-03-19 01:51:14] INFO "GET /admin/jsi18n/ HTTP/1.1" 200 17546
[2025-03-19 01:51:21] ERROR Internal Server Error: /admin/stores/store/
Traceback (most recent call last):
  File "D:\Work\BAIEL\venv\Lib\site-packages\django\core\handlers\exception.py", line 55, in inner
    response = get_response(request)
               ^^^^^^^^^^^^^^^^^^^^^
  File "D:\Work\BAIEL\venv\Lib\site-packages\django\core\handlers\base.py", line 197, in _get_response
    response = wrapped_callback(request, *callback_args, **callback_kwargs)
               ^^^^^^^^^^^^^^^^^^^^^^^^^^^^^^^^^^^^^^^^^^^^^^^^^^^^^^^^^^^^
  File "D:\Work\BAIEL\venv\Lib\site-packages\django\contrib\admin\options.py", line 718, in wrapper
    return self.admin_site.admin_view(view)(*args, **kwargs)
           ^^^^^^^^^^^^^^^^^^^^^^^^^^^^^^^^^^^^^^^^^^^^^^^^^
  File "D:\Work\BAIEL\venv\Lib\site-packages\django\utils\decorators.py", line 188, in _view_wrapper
    result = _process_exception(request, e)
             ^^^^^^^^^^^^^^^^^^^^^^^^^^^^^^
  File "D:\Work\BAIEL\venv\Lib\site-packages\django\utils\decorators.py", line 186, in _view_wrapper
    response = view_func(request, *args, **kwargs)
               ^^^^^^^^^^^^^^^^^^^^^^^^^^^^^^^^^^^
  File "D:\Work\BAIEL\venv\Lib\site-packages\django\views\decorators\cache.py", line 80, in _view_wrapper
    response = view_func(request, *args, **kwargs)
               ^^^^^^^^^^^^^^^^^^^^^^^^^^^^^^^^^^^
  File "D:\Work\BAIEL\venv\Lib\site-packages\django\contrib\admin\sites.py", line 241, in inner
    return view(request, *args, **kwargs)
           ^^^^^^^^^^^^^^^^^^^^^^^^^^^^^^
  File "D:\Work\BAIEL\venv\Lib\site-packages\django\utils\decorators.py", line 48, in _wrapper
    return bound_method(*args, **kwargs)
           ^^^^^^^^^^^^^^^^^^^^^^^^^^^^^
  File "D:\Work\BAIEL\venv\Lib\site-packages\django\utils\decorators.py", line 188, in _view_wrapper
    result = _process_exception(request, e)
             ^^^^^^^^^^^^^^^^^^^^^^^^^^^^^^
  File "D:\Work\BAIEL\venv\Lib\site-packages\django\utils\decorators.py", line 186, in _view_wrapper
    response = view_func(request, *args, **kwargs)
               ^^^^^^^^^^^^^^^^^^^^^^^^^^^^^^^^^^^
  File "D:\Work\BAIEL\venv\Lib\site-packages\django\contrib\admin\options.py", line 2092, in changelist_view
    self.save_model(request, obj, form, change=True)
  File "D:\Work\BAIEL\venv\Lib\site-packages\django\contrib\admin\options.py", line 1292, in save_model
    obj.save()
  File "D:\Work\BAIEL\apps\stores\models.py", line 40, in save
    raise ValidationError("Ошибка: Долг уже полностью погашен, платежи больше не принимаются.")
django.core.exceptions.ValidationError: ['Ошибка: Долг уже полностью погашен, платежи больше не принимаются.']
[2025-03-19 01:51:21] ERROR "POST /admin/stores/store/ HTTP/1.1" 500 133876
[2025-03-19 01:51:23] INFO "GET /admin/stores/store/ HTTP/1.1" 200 21101
[2025-03-19 01:51:27] ERROR Internal Server Error: /admin/stores/store/
Traceback (most recent call last):
  File "D:\Work\BAIEL\venv\Lib\site-packages\django\core\handlers\exception.py", line 55, in inner
    response = get_response(request)
               ^^^^^^^^^^^^^^^^^^^^^
  File "D:\Work\BAIEL\venv\Lib\site-packages\django\core\handlers\base.py", line 197, in _get_response
    response = wrapped_callback(request, *callback_args, **callback_kwargs)
               ^^^^^^^^^^^^^^^^^^^^^^^^^^^^^^^^^^^^^^^^^^^^^^^^^^^^^^^^^^^^
  File "D:\Work\BAIEL\venv\Lib\site-packages\django\contrib\admin\options.py", line 718, in wrapper
    return self.admin_site.admin_view(view)(*args, **kwargs)
           ^^^^^^^^^^^^^^^^^^^^^^^^^^^^^^^^^^^^^^^^^^^^^^^^^
  File "D:\Work\BAIEL\venv\Lib\site-packages\django\utils\decorators.py", line 188, in _view_wrapper
    result = _process_exception(request, e)
             ^^^^^^^^^^^^^^^^^^^^^^^^^^^^^^
  File "D:\Work\BAIEL\venv\Lib\site-packages\django\utils\decorators.py", line 186, in _view_wrapper
    response = view_func(request, *args, **kwargs)
               ^^^^^^^^^^^^^^^^^^^^^^^^^^^^^^^^^^^
  File "D:\Work\BAIEL\venv\Lib\site-packages\django\views\decorators\cache.py", line 80, in _view_wrapper
    response = view_func(request, *args, **kwargs)
               ^^^^^^^^^^^^^^^^^^^^^^^^^^^^^^^^^^^
  File "D:\Work\BAIEL\venv\Lib\site-packages\django\contrib\admin\sites.py", line 241, in inner
    return view(request, *args, **kwargs)
           ^^^^^^^^^^^^^^^^^^^^^^^^^^^^^^
  File "D:\Work\BAIEL\venv\Lib\site-packages\django\utils\decorators.py", line 48, in _wrapper
    return bound_method(*args, **kwargs)
           ^^^^^^^^^^^^^^^^^^^^^^^^^^^^^
  File "D:\Work\BAIEL\venv\Lib\site-packages\django\utils\decorators.py", line 188, in _view_wrapper
    result = _process_exception(request, e)
             ^^^^^^^^^^^^^^^^^^^^^^^^^^^^^^
  File "D:\Work\BAIEL\venv\Lib\site-packages\django\utils\decorators.py", line 186, in _view_wrapper
    response = view_func(request, *args, **kwargs)
               ^^^^^^^^^^^^^^^^^^^^^^^^^^^^^^^^^^^
  File "D:\Work\BAIEL\venv\Lib\site-packages\django\contrib\admin\options.py", line 2092, in changelist_view
    self.save_model(request, obj, form, change=True)
  File "D:\Work\BAIEL\venv\Lib\site-packages\django\contrib\admin\options.py", line 1292, in save_model
    obj.save()
  File "D:\Work\BAIEL\apps\stores\models.py", line 40, in save
    raise ValidationError("Ошибка: Долг уже полностью погашен, платежи больше не принимаются.")
django.core.exceptions.ValidationError: ['Ошибка: Долг уже полностью погашен, платежи больше не принимаются.']
[2025-03-19 01:51:27] ERROR "POST /admin/stores/store/ HTTP/1.1" 500 133871
[2025-03-19 01:51:47] INFO "GET /admin/stores/store/ HTTP/1.1" 200 21101
[2025-03-19 01:51:48] INFO "GET /admin/stores/store/3/change/ HTTP/1.1" 200 21314
[2025-03-19 01:51:48] INFO "GET /admin/jsi18n/ HTTP/1.1" 200 17546
[2025-03-19 01:51:54] ERROR Internal Server Error: /admin/stores/store/3/change/
Traceback (most recent call last):
  File "D:\Work\BAIEL\venv\Lib\site-packages\django\core\handlers\exception.py", line 55, in inner
    response = get_response(request)
               ^^^^^^^^^^^^^^^^^^^^^
  File "D:\Work\BAIEL\venv\Lib\site-packages\django\core\handlers\base.py", line 197, in _get_response
    response = wrapped_callback(request, *callback_args, **callback_kwargs)
               ^^^^^^^^^^^^^^^^^^^^^^^^^^^^^^^^^^^^^^^^^^^^^^^^^^^^^^^^^^^^
  File "D:\Work\BAIEL\venv\Lib\site-packages\django\contrib\admin\options.py", line 718, in wrapper
    return self.admin_site.admin_view(view)(*args, **kwargs)
           ^^^^^^^^^^^^^^^^^^^^^^^^^^^^^^^^^^^^^^^^^^^^^^^^^
  File "D:\Work\BAIEL\venv\Lib\site-packages\django\utils\decorators.py", line 188, in _view_wrapper
    result = _process_exception(request, e)
             ^^^^^^^^^^^^^^^^^^^^^^^^^^^^^^
  File "D:\Work\BAIEL\venv\Lib\site-packages\django\utils\decorators.py", line 186, in _view_wrapper
    response = view_func(request, *args, **kwargs)
               ^^^^^^^^^^^^^^^^^^^^^^^^^^^^^^^^^^^
  File "D:\Work\BAIEL\venv\Lib\site-packages\django\views\decorators\cache.py", line 80, in _view_wrapper
    response = view_func(request, *args, **kwargs)
               ^^^^^^^^^^^^^^^^^^^^^^^^^^^^^^^^^^^
  File "D:\Work\BAIEL\venv\Lib\site-packages\django\contrib\admin\sites.py", line 241, in inner
    return view(request, *args, **kwargs)
           ^^^^^^^^^^^^^^^^^^^^^^^^^^^^^^
  File "D:\Work\BAIEL\venv\Lib\site-packages\django\contrib\admin\options.py", line 1962, in change_view
    return self.changeform_view(request, object_id, form_url, extra_context)
           ^^^^^^^^^^^^^^^^^^^^^^^^^^^^^^^^^^^^^^^^^^^^^^^^^^^^^^^^^^^^^^^^^
  File "D:\Work\BAIEL\venv\Lib\site-packages\django\utils\decorators.py", line 48, in _wrapper
    return bound_method(*args, **kwargs)
           ^^^^^^^^^^^^^^^^^^^^^^^^^^^^^
  File "D:\Work\BAIEL\venv\Lib\site-packages\django\utils\decorators.py", line 188, in _view_wrapper
    result = _process_exception(request, e)
             ^^^^^^^^^^^^^^^^^^^^^^^^^^^^^^
  File "D:\Work\BAIEL\venv\Lib\site-packages\django\utils\decorators.py", line 186, in _view_wrapper
    response = view_func(request, *args, **kwargs)
               ^^^^^^^^^^^^^^^^^^^^^^^^^^^^^^^^^^^
  File "D:\Work\BAIEL\venv\Lib\site-packages\django\contrib\admin\options.py", line 1818, in changeform_view
    return self._changeform_view(request, object_id, form_url, extra_context)
           ^^^^^^^^^^^^^^^^^^^^^^^^^^^^^^^^^^^^^^^^^^^^^^^^^^^^^^^^^^^^^^^^^^
  File "D:\Work\BAIEL\venv\Lib\site-packages\django\contrib\admin\options.py", line 1869, in _changeform_view
    self.save_model(request, new_object, form, not add)
  File "D:\Work\BAIEL\venv\Lib\site-packages\django\contrib\admin\options.py", line 1292, in save_model
    obj.save()
  File "D:\Work\BAIEL\apps\stores\models.py", line 40, in save
    raise ValidationError("Ошибка: Долг уже полностью погашен, платежи больше не принимаются.")
django.core.exceptions.ValidationError: ['Ошибка: Долг уже полностью погашен, платежи больше не принимаются.']
[2025-03-19 01:51:54] ERROR "POST /admin/stores/store/3/change/ HTTP/1.1" 500 142359
[2025-03-19 01:58:09] INFO D:\Work\BAIEL\apps\stores\models.py changed, reloading.
[2025-03-19 01:58:10] INFO Watching for file changes with StatReloader
[2025-03-19 01:58:15] INFO "POST /admin/stores/store/3/change/ HTTP/1.1" 200 21599
[2025-03-19 01:58:16] INFO "GET /admin/jsi18n/ HTTP/1.1" 200 17546
[2025-03-19 01:58:21] ERROR Internal Server Error: /admin/stores/store/3/change/
Traceback (most recent call last):
  File "D:\Work\BAIEL\venv\Lib\site-packages\django\core\handlers\exception.py", line 55, in inner
    response = get_response(request)
               ^^^^^^^^^^^^^^^^^^^^^
  File "D:\Work\BAIEL\venv\Lib\site-packages\django\core\handlers\base.py", line 197, in _get_response
    response = wrapped_callback(request, *callback_args, **callback_kwargs)
               ^^^^^^^^^^^^^^^^^^^^^^^^^^^^^^^^^^^^^^^^^^^^^^^^^^^^^^^^^^^^
  File "D:\Work\BAIEL\venv\Lib\site-packages\django\contrib\admin\options.py", line 718, in wrapper
    return self.admin_site.admin_view(view)(*args, **kwargs)
           ^^^^^^^^^^^^^^^^^^^^^^^^^^^^^^^^^^^^^^^^^^^^^^^^^
  File "D:\Work\BAIEL\venv\Lib\site-packages\django\utils\decorators.py", line 188, in _view_wrapper
    result = _process_exception(request, e)
             ^^^^^^^^^^^^^^^^^^^^^^^^^^^^^^
  File "D:\Work\BAIEL\venv\Lib\site-packages\django\utils\decorators.py", line 186, in _view_wrapper
    response = view_func(request, *args, **kwargs)
               ^^^^^^^^^^^^^^^^^^^^^^^^^^^^^^^^^^^
  File "D:\Work\BAIEL\venv\Lib\site-packages\django\views\decorators\cache.py", line 80, in _view_wrapper
    response = view_func(request, *args, **kwargs)
               ^^^^^^^^^^^^^^^^^^^^^^^^^^^^^^^^^^^
  File "D:\Work\BAIEL\venv\Lib\site-packages\django\contrib\admin\sites.py", line 241, in inner
    return view(request, *args, **kwargs)
           ^^^^^^^^^^^^^^^^^^^^^^^^^^^^^^
  File "D:\Work\BAIEL\venv\Lib\site-packages\django\contrib\admin\options.py", line 1962, in change_view
    return self.changeform_view(request, object_id, form_url, extra_context)
           ^^^^^^^^^^^^^^^^^^^^^^^^^^^^^^^^^^^^^^^^^^^^^^^^^^^^^^^^^^^^^^^^^
  File "D:\Work\BAIEL\venv\Lib\site-packages\django\utils\decorators.py", line 48, in _wrapper
    return bound_method(*args, **kwargs)
           ^^^^^^^^^^^^^^^^^^^^^^^^^^^^^
  File "D:\Work\BAIEL\venv\Lib\site-packages\django\utils\decorators.py", line 188, in _view_wrapper
    result = _process_exception(request, e)
             ^^^^^^^^^^^^^^^^^^^^^^^^^^^^^^
  File "D:\Work\BAIEL\venv\Lib\site-packages\django\utils\decorators.py", line 186, in _view_wrapper
    response = view_func(request, *args, **kwargs)
               ^^^^^^^^^^^^^^^^^^^^^^^^^^^^^^^^^^^
  File "D:\Work\BAIEL\venv\Lib\site-packages\django\contrib\admin\options.py", line 1818, in changeform_view
    return self._changeform_view(request, object_id, form_url, extra_context)
           ^^^^^^^^^^^^^^^^^^^^^^^^^^^^^^^^^^^^^^^^^^^^^^^^^^^^^^^^^^^^^^^^^^
  File "D:\Work\BAIEL\venv\Lib\site-packages\django\contrib\admin\options.py", line 1869, in _changeform_view
    self.save_model(request, new_object, form, not add)
  File "D:\Work\BAIEL\venv\Lib\site-packages\django\contrib\admin\options.py", line 1292, in save_model
    obj.save()
  File "D:\Work\BAIEL\apps\stores\models.py", line 38, in save
    raise ValidationError("Ошибка: Долг уже полностью погашен, платежи больше не принимаются.")
django.core.exceptions.ValidationError: ['Ошибка: Долг уже полностью погашен, платежи больше не принимаются.']
[2025-03-19 01:58:21] ERROR "POST /admin/stores/store/3/change/ HTTP/1.1" 500 142434
[2025-03-19 01:58:24] INFO "GET /admin/stores/store/3/change/ HTTP/1.1" 200 21313
[2025-03-19 01:58:26] INFO "GET /admin/stores/store/ HTTP/1.1" 200 21124
[2025-03-19 01:58:27] INFO "GET /admin/jsi18n/ HTTP/1.1" 200 17546
[2025-03-19 01:58:33] INFO "GET /admin/stores/store/3/change/ HTTP/1.1" 200 21313
[2025-03-19 01:58:33] INFO "GET /admin/jsi18n/ HTTP/1.1" 200 17546
[2025-03-19 01:58:38] ERROR Internal Server Error: /admin/stores/store/3/change/
Traceback (most recent call last):
  File "D:\Work\BAIEL\venv\Lib\site-packages\django\core\handlers\exception.py", line 55, in inner
    response = get_response(request)
               ^^^^^^^^^^^^^^^^^^^^^
  File "D:\Work\BAIEL\venv\Lib\site-packages\django\core\handlers\base.py", line 197, in _get_response
    response = wrapped_callback(request, *callback_args, **callback_kwargs)
               ^^^^^^^^^^^^^^^^^^^^^^^^^^^^^^^^^^^^^^^^^^^^^^^^^^^^^^^^^^^^
  File "D:\Work\BAIEL\venv\Lib\site-packages\django\contrib\admin\options.py", line 718, in wrapper
    return self.admin_site.admin_view(view)(*args, **kwargs)
           ^^^^^^^^^^^^^^^^^^^^^^^^^^^^^^^^^^^^^^^^^^^^^^^^^
  File "D:\Work\BAIEL\venv\Lib\site-packages\django\utils\decorators.py", line 188, in _view_wrapper
    result = _process_exception(request, e)
             ^^^^^^^^^^^^^^^^^^^^^^^^^^^^^^
  File "D:\Work\BAIEL\venv\Lib\site-packages\django\utils\decorators.py", line 186, in _view_wrapper
    response = view_func(request, *args, **kwargs)
               ^^^^^^^^^^^^^^^^^^^^^^^^^^^^^^^^^^^
  File "D:\Work\BAIEL\venv\Lib\site-packages\django\views\decorators\cache.py", line 80, in _view_wrapper
    response = view_func(request, *args, **kwargs)
               ^^^^^^^^^^^^^^^^^^^^^^^^^^^^^^^^^^^
  File "D:\Work\BAIEL\venv\Lib\site-packages\django\contrib\admin\sites.py", line 241, in inner
    return view(request, *args, **kwargs)
           ^^^^^^^^^^^^^^^^^^^^^^^^^^^^^^
  File "D:\Work\BAIEL\venv\Lib\site-packages\django\contrib\admin\options.py", line 1962, in change_view
    return self.changeform_view(request, object_id, form_url, extra_context)
           ^^^^^^^^^^^^^^^^^^^^^^^^^^^^^^^^^^^^^^^^^^^^^^^^^^^^^^^^^^^^^^^^^
  File "D:\Work\BAIEL\venv\Lib\site-packages\django\utils\decorators.py", line 48, in _wrapper
    return bound_method(*args, **kwargs)
           ^^^^^^^^^^^^^^^^^^^^^^^^^^^^^
  File "D:\Work\BAIEL\venv\Lib\site-packages\django\utils\decorators.py", line 188, in _view_wrapper
    result = _process_exception(request, e)
             ^^^^^^^^^^^^^^^^^^^^^^^^^^^^^^
  File "D:\Work\BAIEL\venv\Lib\site-packages\django\utils\decorators.py", line 186, in _view_wrapper
    response = view_func(request, *args, **kwargs)
               ^^^^^^^^^^^^^^^^^^^^^^^^^^^^^^^^^^^
  File "D:\Work\BAIEL\venv\Lib\site-packages\django\contrib\admin\options.py", line 1818, in changeform_view
    return self._changeform_view(request, object_id, form_url, extra_context)
           ^^^^^^^^^^^^^^^^^^^^^^^^^^^^^^^^^^^^^^^^^^^^^^^^^^^^^^^^^^^^^^^^^^
  File "D:\Work\BAIEL\venv\Lib\site-packages\django\contrib\admin\options.py", line 1869, in _changeform_view
    self.save_model(request, new_object, form, not add)
  File "D:\Work\BAIEL\venv\Lib\site-packages\django\contrib\admin\options.py", line 1292, in save_model
    obj.save()
  File "D:\Work\BAIEL\apps\stores\models.py", line 38, in save
    raise ValidationError("Ошибка: Долг уже полностью погашен, платежи больше не принимаются.")
django.core.exceptions.ValidationError: ['Ошибка: Долг уже полностью погашен, платежи больше не принимаются.']
[2025-03-19 01:58:38] ERROR "POST /admin/stores/store/3/change/ HTTP/1.1" 500 142433
[2025-03-19 01:58:46] WARNING Bad Request: /api/stores/stores/3/
[2025-03-19 01:58:46] WARNING "PATCH /api/stores/stores/3/ HTTP/1.1" 400 137
[2025-03-19 01:58:59] WARNING Not Found: /
[2025-03-19 01:58:59] WARNING "GET / HTTP/1.1" 404 3451
[2025-03-19 01:59:08] WARNING Unauthorized: /api/stores/
[2025-03-19 01:59:08] WARNING "GET /api/stores/ HTTP/1.1" 401 5068
[2025-03-19 01:59:11] WARNING Unauthorized: /api/stores/stores/
[2025-03-19 01:59:11] WARNING "GET /api/stores/stores/ HTTP/1.1" 401 5225
[2025-03-19 01:59:13] INFO "GET /api/stores/stores/1 HTTP/1.1" 301 0
[2025-03-19 01:59:13] WARNING Unauthorized: /api/stores/stores/1/
[2025-03-19 01:59:13] WARNING "GET /api/stores/stores/1/ HTTP/1.1" 401 5386
[2025-03-19 01:59:17] WARNING Not Found: /api/stores/store
[2025-03-19 01:59:17] WARNING "GET /api/stores/store HTTP/1.1" 404 5651
[2025-03-19 02:03:00] INFO D:\Work\BAIEL\apps\stores\models.py changed, reloading.
[2025-03-19 02:03:01] INFO Watching for file changes with StatReloader
[2025-03-19 02:03:07] WARNING Not Found: /api/stores/store
[2025-03-19 02:03:07] WARNING "GET /api/stores/store HTTP/1.1" 404 5651
[2025-03-19 02:03:08] INFO "GET /admin/stores/store/3/change/ HTTP/1.1" 200 21313
[2025-03-19 02:03:10] INFO 🏦 Магазин МойМагазин оформил новый долг: 15000 KGS.
[2025-03-19 02:03:10] INFO "POST /admin/stores/store/3/change/ HTTP/1.1" 302 0
[2025-03-19 02:03:10] INFO "GET /admin/stores/store/ HTTP/1.1" 200 21373
[2025-03-19 02:03:10] INFO "GET /admin/jsi18n/ HTTP/1.1" 200 17546
[2025-03-19 02:03:16] INFO 💰 Магазин МойМагазин внес 50.00 KGS. Долг был 15000.00, стал 14950.00.
[2025-03-19 02:03:16] INFO "PATCH /api/stores/stores/3/ HTTP/1.1" 200 245
[2025-03-19 02:03:23] INFO 💰 Магазин МойМагазин внес 150050.00 KGS. Долг был 14950.00, стал 0.
[2025-03-19 02:03:23] INFO "PATCH /api/stores/stores/3/ HTTP/1.1" 200 245
[2025-03-19 02:03:25] WARNING Bad Request: /api/stores/stores/3/
[2025-03-19 02:03:25] WARNING "PATCH /api/stores/stores/3/ HTTP/1.1" 400 122
[2025-03-19 02:03:31] INFO "GET /admin/stores/store/ HTTP/1.1" 200 21127
[2025-03-19 02:03:31] INFO "GET /admin/jsi18n/ HTTP/1.1" 200 17546
[2025-03-19 02:03:37] INFO "POST /admin/stores/store/ HTTP/1.1" 302 0
[2025-03-19 02:03:37] INFO "GET /admin/stores/store/ HTTP/1.1" 200 21291
[2025-03-19 02:03:37] INFO "GET /admin/jsi18n/ HTTP/1.1" 200 17546
[2025-03-19 02:03:38] WARNING Bad Request: /api/stores/stores/3/
[2025-03-19 02:03:38] WARNING "PATCH /api/stores/stores/3/ HTTP/1.1" 400 122
[2025-03-19 02:03:44] INFO 🏦 Магазин МойМагазин оформил новый долг: 1 KGS.
[2025-03-19 02:03:44] INFO "POST /admin/stores/store/ HTTP/1.1" 302 0
[2025-03-19 02:03:44] INFO "GET /admin/stores/store/ HTTP/1.1" 200 21291
[2025-03-19 02:03:44] INFO "GET /admin/jsi18n/ HTTP/1.1" 200 17546
[2025-03-19 02:03:45] INFO 💰 Магазин МойМагазин внес 150000.00 KGS. Долг был 1.00, стал 0.
[2025-03-19 02:03:45] INFO "PATCH /api/stores/stores/3/ HTTP/1.1" 200 245
[2025-03-19 02:06:16] INFO D:\Work\BAIEL\apps\stores\models.py changed, reloading.
[2025-03-19 02:06:18] INFO Watching for file changes with StatReloader
[2025-03-19 02:08:23] INFO D:\Work\BAIEL\apps\stores\serializers.py changed, reloading.
[2025-03-19 02:08:25] INFO Watching for file changes with StatReloader
[2025-03-19 02:08:26] WARNING Bad Request: /api/stores/stores/3/
[2025-03-19 02:08:26] WARNING "PATCH /api/stores/stores/3/ HTTP/1.1" 400 107
[2025-03-19 02:08:31] INFO "GET /admin/stores/store/ HTTP/1.1" 200 21127
[2025-03-19 02:08:31] INFO "GET /admin/jsi18n/ HTTP/1.1" 200 17546
[2025-03-19 02:08:32] INFO "GET /admin/stores/store/3/change/ HTTP/1.1" 200 21316
[2025-03-19 02:08:32] INFO "GET /admin/jsi18n/ HTTP/1.1" 200 17546
[2025-03-19 02:08:35] INFO "POST /admin/stores/store/3/change/ HTTP/1.1" 302 0
[2025-03-19 02:08:35] INFO "GET /admin/stores/store/ HTTP/1.1" 200 21369
[2025-03-19 02:08:35] INFO "GET /admin/jsi18n/ HTTP/1.1" 200 17546
[2025-03-19 02:08:40] INFO 🏦 Магазин МойМагазин оформил новый долг: 1 KGS.
[2025-03-19 02:08:40] INFO "POST /admin/stores/store/ HTTP/1.1" 302 0
[2025-03-19 02:08:40] INFO "GET /admin/stores/store/ HTTP/1.1" 200 21291
[2025-03-19 02:08:40] INFO "GET /admin/jsi18n/ HTTP/1.1" 200 17546
[2025-03-19 02:08:42] WARNING Bad Request: /api/stores/stores/3/
[2025-03-19 02:08:42] WARNING "PATCH /api/stores/stores/3/ HTTP/1.1" 400 101
[2025-03-19 02:08:50] INFO 💰 Магазин МойМагазин внес 1.00 KGS. Долг был 1.00, стал 0.00.
[2025-03-19 02:08:50] INFO "PATCH /api/stores/stores/3/ HTTP/1.1" 200 240
[2025-03-19 02:08:52] WARNING Bad Request: /api/stores/stores/3/
[2025-03-19 02:08:52] WARNING "PATCH /api/stores/stores/3/ HTTP/1.1" 400 107
[2025-03-19 02:11:51] INFO D:\Work\BAIEL\apps\orders\serializers.py changed, reloading.
[2025-03-19 02:11:52] INFO Watching for file changes with StatReloader
[2025-03-19 02:11:56] WARNING Not Found: /api/stores/store
[2025-03-19 02:11:56] WARNING "GET /api/stores/store HTTP/1.1" 404 5651
[2025-03-19 02:11:56] WARNING Unauthorized: /api/stores/stores/1/
[2025-03-19 02:11:56] WARNING "GET /api/stores/stores/1/ HTTP/1.1" 401 5386
[2025-03-19 02:11:57] WARNING Unauthorized: /api/stores/stores/1/
[2025-03-19 02:11:57] WARNING "GET /api/stores/stores/1/ HTTP/1.1" 401 5386
[2025-03-19 02:11:58] WARNING Unauthorized: /api/stores/stores/1/
[2025-03-19 02:11:58] WARNING "GET /api/stores/stores/1/ HTTP/1.1" 401 5386
[2025-03-19 02:12:06] WARNING Unauthorized: /api/orders/order-requests/3/
[2025-03-19 02:12:06] WARNING "GET /api/orders/order-requests/3/ HTTP/1.1" 401 5490
[2025-03-19 02:12:09] WARNING Unauthorized: /api/orders/order-requests/
[2025-03-19 02:12:09] WARNING "GET /api/orders/order-requests/ HTTP/1.1" 401 5313
[2025-03-19 02:13:04] INFO D:\Work\BAIEL\apps\orders\serializers.py changed, reloading.
[2025-03-19 02:13:05] INFO Watching for file changes with StatReloader
[2025-03-19 02:13:41] WARNING Not Found: /api/users/register/:
[2025-03-19 02:13:41] WARNING "POST /api/users/register/: HTTP/1.1" 404 5298
[2025-03-19 02:14:39] WARNING Not Found: /api/users/register/:
[2025-03-19 02:14:39] WARNING "POST /api/users/register/: HTTP/1.1" 404 5298
[2025-03-19 02:15:18] WARNING Bad Request: /api/users/register/
[2025-03-19 02:15:18] WARNING "POST /api/users/register/ HTTP/1.1" 400 122
[2025-03-19 02:15:26] WARNING Bad Request: /api/users/register/
[2025-03-19 02:15:26] WARNING "POST /api/users/register/ HTTP/1.1" 400 122
[2025-03-19 02:15:34] INFO "POST /api/users/register/ HTTP/1.1" 201 135
[2025-03-19 02:17:00] INFO "POST /api/users/login/ HTTP/1.1" 200 483
[2025-03-19 02:17:27] INFO "GET /api/users/profile HTTP/1.1" 301 0
[2025-03-19 02:17:27] INFO "GET /api/users/profile/ HTTP/1.1" 200 97
[2025-03-19 02:17:39] INFO "GET /api/users/profile HTTP/1.1" 301 0
[2025-03-19 02:17:39] INFO "GET /api/users/profile/ HTTP/1.1" 200 97
[2025-03-19 02:17:43] ERROR Internal Server Error: /api/users/profile
Traceback (most recent call last):
  File "D:\Work\BAIEL\venv\Lib\site-packages\django\core\handlers\exception.py", line 55, in inner
    response = get_response(request)
               ^^^^^^^^^^^^^^^^^^^^^
  File "D:\Work\BAIEL\venv\Lib\site-packages\django\utils\deprecation.py", line 131, in __call__
    response = self.process_response(request, response)
               ^^^^^^^^^^^^^^^^^^^^^^^^^^^^^^^^^^^^^^^^
  File "D:\Work\BAIEL\venv\Lib\site-packages\django\middleware\common.py", line 108, in process_response
    return self.response_redirect_class(self.get_full_path_with_slash(request))
                                        ^^^^^^^^^^^^^^^^^^^^^^^^^^^^^^^^^^^^^^
  File "D:\Work\BAIEL\venv\Lib\site-packages\django\middleware\common.py", line 87, in get_full_path_with_slash
    raise RuntimeError(
RuntimeError: You called this URL via PATCH, but the URL doesn't end in a slash and you have APPEND_SLASH set. Django can't redirect to the slash URL while maintaining PATCH data. Change your form to point to 127.0.0.1:8000/api/users/profile/ (note the trailing slash), or set APPEND_SLASH=False in your Django settings.
[2025-03-19 02:17:43] ERROR "PATCH /api/users/profile HTTP/1.1" 500 80204
[2025-03-19 02:17:59] WARNING Not Found: /api/users/profile/1
[2025-03-19 02:17:59] WARNING "PATCH /api/users/profile/1 HTTP/1.1" 404 5296
[2025-03-19 02:18:11] INFO "PATCH /api/users/profile/ HTTP/1.1" 200 114
[2025-03-19 02:18:36] WARNING Method Not Allowed: /api/users/logout/
[2025-03-19 02:18:36] WARNING "PATCH /api/users/logout/ HTTP/1.1" 405 56
[2025-03-19 02:18:39] INFO "POST /api/users/logout/ HTTP/1.1" 200 44
[2025-03-19 02:18:53] WARNING Unauthorized: /api/users/token/refresh/
[2025-03-19 02:18:53] WARNING "POST /api/users/token/refresh/ HTTP/1.1" 401 92
[2025-03-19 02:19:37] WARNING Unauthorized: /api/users/token/refresh/
[2025-03-19 02:19:37] WARNING "POST /api/users/token/refresh/ HTTP/1.1" 401 92
[2025-03-19 02:20:20] WARNING Unauthorized: /api/users/profile/
[2025-03-19 02:20:20] WARNING "POST /api/users/profile/ HTTP/1.1" 401 82
[2025-03-19 02:20:23] WARNING Method Not Allowed: /api/users/profile/
[2025-03-19 02:20:23] WARNING "POST /api/users/profile/ HTTP/1.1" 405 55
[2025-03-19 02:20:26] INFO "GET /api/users/profile/ HTTP/1.1" 200 114
[2025-03-19 02:20:31] WARNING Method Not Allowed: /api/users/login/
[2025-03-19 02:20:31] WARNING "GET /api/users/login/ HTTP/1.1" 405 54
[2025-03-19 02:20:33] WARNING Bad Request: /api/users/login/
[2025-03-19 02:20:33] WARNING "POST /api/users/login/ HTTP/1.1" 400 56
[2025-03-19 02:20:38] INFO "POST /api/users/login/ HTTP/1.1" 200 483
[2025-03-19 02:22:42] INFO D:\Work\BAIEL\apps\users\serializers.py changed, reloading.
[2025-03-19 02:22:43] INFO Watching for file changes with StatReloader
[2025-03-19 02:23:49] INFO D:\Work\BAIEL\backend\settings.py changed, reloading.
[2025-03-19 02:23:51] INFO Watching for file changes with StatReloader
[2025-03-19 02:24:20] INFO D:\Work\BAIEL\backend\settings.py changed, reloading.
[2025-03-19 02:24:22] INFO Watching for file changes with StatReloader
[2025-03-19 02:24:44] INFO D:\Work\BAIEL\apps\users\views.py changed, reloading.
[2025-03-19 02:24:45] INFO Watching for file changes with StatReloader
[2025-03-19 02:25:03] INFO D:\Work\BAIEL\apps\users\views.py changed, reloading.
[2025-03-19 02:25:05] INFO Watching for file changes with StatReloader
[2025-03-19 02:25:22] INFO D:\Work\BAIEL\apps\users\urls.py changed, reloading.
[2025-03-19 02:25:23] INFO Watching for file changes with StatReloader
[2025-03-19 02:25:42] WARNING Unauthorized: /api/users/token/refresh/
[2025-03-19 02:25:42] WARNING "POST /api/users/token/refresh/ HTTP/1.1" 401 92
[2025-03-19 02:25:53] INFO D:\Work\BAIEL\apps\users\urls.py changed, reloading.
[2025-03-19 02:25:54] INFO Watching for file changes with StatReloader
[2025-03-19 02:26:00] INFO D:\Work\BAIEL\apps\users\urls.py changed, reloading.
[2025-03-19 02:26:01] INFO Watching for file changes with StatReloader
[2025-03-19 02:26:14] INFO D:\Work\BAIEL\apps\users\urls.py changed, reloading.
[2025-03-19 02:26:15] INFO Watching for file changes with StatReloader
[2025-03-19 02:26:25] INFO D:\Work\BAIEL\apps\users\urls.py changed, reloading.
[2025-03-19 02:26:26] INFO Watching for file changes with StatReloader
[2025-03-19 02:26:29] WARNING Unauthorized: /api/users/token/refresh/
[2025-03-19 02:26:29] WARNING "POST /api/users/token/refresh/ HTTP/1.1" 401 89
[2025-03-19 02:26:48] INFO "POST /api/users/login/ HTTP/1.1" 200 483
[2025-03-19 02:27:21] INFO "POST /api/users/token/refresh/ HTTP/1.1" 200 483
[2025-03-19 02:27:24] WARNING Unauthorized: /api/users/token/refresh/
[2025-03-19 02:27:24] WARNING "POST /api/users/token/refresh/ HTTP/1.1" 401 89
[2025-03-19 02:29:47] INFO Watching for file changes with StatReloader
[2025-03-19 02:29:49] INFO - Broken pipe from ('127.0.0.1', 51626)
[2025-03-19 02:29:49] INFO "GET /admin/users/user/ HTTP/1.1" 200 18288
[2025-03-19 02:29:49] INFO "GET /static/admin/img/icon-no.svg HTTP/1.1" 200 560
[2025-03-19 02:29:49] INFO "GET /admin/jsi18n/ HTTP/1.1" 200 17546
[2025-03-19 02:29:51] INFO "GET /admin/users/user/1/change/ HTTP/1.1" 200 31039
[2025-03-19 02:29:51] INFO "GET /static/admin/js/SelectFilter2.js HTTP/1.1" 200 15502
[2025-03-19 02:29:51] INFO "GET /static/admin/js/SelectBox.js HTTP/1.1" 200 4530
[2025-03-19 02:29:51] INFO "GET /admin/jsi18n/ HTTP/1.1" 200 17546
[2025-03-19 02:29:51] INFO "GET /static/admin/img/selector-icons.svg HTTP/1.1" 200 3291
[2025-03-19 02:30:04] INFO "POST /admin/users/user/1/change/ HTTP/1.1" 302 0
[2025-03-19 02:30:04] INFO "GET /admin/users/user/ HTTP/1.1" 200 18616
[2025-03-19 02:30:04] INFO "GET /admin/jsi18n/ HTTP/1.1" 200 17546
[2025-03-19 02:30:12] INFO "POST /api/users/password-reset/ HTTP/1.1" 200 50
[2025-03-19 02:30:53] INFO "POST /api/users/password-reset/ HTTP/1.1" 200 50
[2025-03-19 02:31:41] INFO "POST /api/users/password-reset/ HTTP/1.1" 200 50
[2025-03-19 02:32:08] INFO "POST /api/users/password-reset/ HTTP/1.1" 200 50
[2025-03-19 02:32:21] WARNING Bad Request: /api/users/password-reset/confirm/
[2025-03-19 02:32:21] WARNING "POST /api/users/password-reset/confirm/ HTTP/1.1" 400 62
[2025-03-19 02:32:30] INFO "POST /api/users/password-reset/confirm/ HTTP/1.1" 200 56
[2025-03-19 02:48:56] INFO D:\Work\BAIEL\apps\finance\models.py changed, reloading.
[2025-03-19 02:48:58] INFO Watching for file changes with StatReloader
[2025-03-19 02:49:00] INFO D:\Work\BAIEL\apps\finance\serializers.py changed, reloading.
[2025-03-19 02:49:02] INFO Watching for file changes with StatReloader
[2025-03-19 02:49:09] INFO D:\Work\BAIEL\apps\finance\urls.py changed, reloading.
[2025-03-19 02:49:10] INFO Watching for file changes with StatReloader
[2025-03-19 02:49:28] INFO D:\Work\BAIEL\apps\finance\views.py changed, reloading.
[2025-03-19 02:49:29] INFO Watching for file changes with StatReloader
[2025-03-19 02:49:37] INFO D:\Work\BAIEL\apps\finance\views.py changed, reloading.
[2025-03-19 02:49:38] INFO Watching for file changes with StatReloader
[2025-03-19 02:50:32] INFO D:\Work\BAIEL\apps\stores\migrations\0001_initial.py changed, reloading.
[2025-03-19 02:50:33] INFO Watching for file changes with StatReloader
[2025-03-19 02:51:36] INFO D:\Work\BAIEL\apps\finance\admin.py changed, reloading.
[2025-03-19 02:51:37] INFO Watching for file changes with StatReloader
[2025-03-19 02:51:40] INFO "GET /admin/users/user/ HTTP/1.1" 302 0
[2025-03-19 02:51:40] INFO "GET /admin/login/?next=/admin/users/user/ HTTP/1.1" 200 4360
[2025-03-19 02:51:40] INFO "GET /static/admin/css/nav_sidebar.css HTTP/1.1" 200 2810
[2025-03-19 02:51:40] INFO "GET /static/admin/css/dark_mode.css HTTP/1.1" 200 2804
[2025-03-19 02:51:40] INFO "GET /static/admin/css/base.css HTTP/1.1" 200 22092
[2025-03-19 02:51:40] INFO "GET /static/admin/css/login.css HTTP/1.1" 200 951
[2025-03-19 02:51:40] INFO "GET /static/admin/css/responsive.css HTTP/1.1" 200 17972
[2025-03-19 02:51:40] INFO "GET /static/admin/js/theme.js HTTP/1.1" 200 1653
[2025-03-19 02:51:40] INFO "GET /static/admin/js/nav_sidebar.js HTTP/1.1" 200 3063
[2025-03-19 02:51:56] INFO "POST /admin/login/?next=/admin/users/user/ HTTP/1.1" 302 0
[2025-03-19 02:51:56] INFO "GET /admin/users/user/ HTTP/1.1" 200 19029
[2025-03-19 02:51:56] INFO "GET /static/admin/css/changelists.css HTTP/1.1" 200 6878
[2025-03-19 02:51:56] INFO "GET /static/admin/js/jquery.init.js HTTP/1.1" 200 347
[2025-03-19 02:51:56] INFO "GET /static/admin/js/admin/RelatedObjectLookups.js HTTP/1.1" 200 9097
[2025-03-19 02:51:56] INFO "GET /static/admin/js/core.js HTTP/1.1" 200 6208
[2025-03-19 02:51:56] INFO "GET /static/admin/js/actions.js HTTP/1.1" 200 8076
[2025-03-19 02:51:56] INFO "GET /static/admin/js/urlify.js HTTP/1.1" 200 7887
[2025-03-19 02:51:56] INFO "GET /static/admin/js/prepopulate.js HTTP/1.1" 200 1531
[2025-03-19 02:51:56] INFO "GET /static/admin/img/search.svg HTTP/1.1" 200 458
[2025-03-19 02:51:56] INFO "GET /static/admin/img/icon-yes.svg HTTP/1.1" 200 436
[2025-03-19 02:51:56] INFO "GET /static/admin/js/vendor/jquery/jquery.js HTTP/1.1" 200 285314
[2025-03-19 02:51:56] INFO "GET /static/admin/img/icon-no.svg HTTP/1.1" 304 0
[2025-03-19 02:51:56] INFO "GET /admin/jsi18n/ HTTP/1.1" 200 17546
[2025-03-19 02:51:56] INFO "GET /static/admin/js/filters.js HTTP/1.1" 200 978
[2025-03-19 02:51:56] INFO "GET /static/admin/js/vendor/xregexp/xregexp.js HTTP/1.1" 200 325171
[2025-03-19 02:51:56] INFO "GET /static/admin/img/icon-addlink.svg HTTP/1.1" 200 331
[2025-03-19 02:51:56] INFO "GET /static/admin/img/tooltag-add.svg HTTP/1.1" 200 331
[2025-03-19 02:51:56] INFO "GET /static/admin/img/sorting-icons.svg HTTP/1.1" 200 1097
[2025-03-19 02:51:56] INFO "GET /static/admin/img/icon-viewlink.svg HTTP/1.1" 200 581
[2025-03-19 02:51:57] INFO "GET /admin/finance/finance/ HTTP/1.1" 200 15662
[2025-03-19 02:51:59] INFO "GET /admin/finance/finance/add/ HTTP/1.1" 200 20828
[2025-03-19 02:51:59] INFO "GET /static/admin/css/forms.css HTTP/1.1" 200 8794
[2025-03-19 02:51:59] INFO "GET /static/admin/js/prepopulate_init.js HTTP/1.1" 200 586
[2025-03-19 02:51:59] INFO "GET /static/admin/css/widgets.css HTTP/1.1" 200 11564
[2025-03-19 02:51:59] INFO "GET /static/admin/img/icon-changelink.svg HTTP/1.1" 200 380
[2025-03-19 02:51:59] INFO "GET /static/admin/js/change_form.js HTTP/1.1" 200 606
[2025-03-19 02:51:59] INFO "GET /admin/jsi18n/ HTTP/1.1" 200 17546
[2025-03-19 02:52:48] INFO "GET /api/finance/finances/stats/ HTTP/1.1" 200 207
[2025-03-19 02:53:03] WARNING Unauthorized: /api/finance/finances/stats/
[2025-03-19 02:53:03] WARNING "GET /api/finance/finances/stats/ HTTP/1.1" 401 5353
[2025-03-19 02:53:03] INFO "GET /static/rest_framework/css/bootstrap.min.css HTTP/1.1" 200 121457
[2025-03-19 02:53:03] INFO "GET /static/rest_framework/css/prettify.css HTTP/1.1" 200 817
[2025-03-19 02:53:03] INFO "GET /static/rest_framework/css/bootstrap-tweaks.css HTTP/1.1" 200 3426
[2025-03-19 02:53:03] INFO "GET /static/rest_framework/css/default.css HTTP/1.1" 200 1152
[2025-03-19 02:53:03] INFO "GET /static/rest_framework/js/csrf.js HTTP/1.1" 200 1793
[2025-03-19 02:53:03] INFO "GET /static/rest_framework/js/ajax-form.js HTTP/1.1" 200 3796
[2025-03-19 02:53:03] INFO "GET /static/rest_framework/js/load-ajax-form.js HTTP/1.1" 200 59
[2025-03-19 02:53:03] INFO "GET /static/rest_framework/js/default.js HTTP/1.1" 200 1268
[2025-03-19 02:53:03] INFO "GET /static/rest_framework/img/grid.png HTTP/1.1" 200 1458
[2025-03-19 02:53:03] INFO "GET /static/rest_framework/js/prettify-min.js HTTP/1.1" 200 13632
[2025-03-19 02:53:03] INFO "GET /static/rest_framework/js/bootstrap.min.js HTTP/1.1" 200 39680
[2025-03-19 02:53:03] INFO "GET /static/rest_framework/js/jquery-3.7.1.min.js HTTP/1.1" 200 87533
[2025-03-19 02:53:07] WARNING Not Found: /api/finance/finance
[2025-03-19 02:53:07] WARNING "GET /api/finance/finance HTTP/1.1" 404 6459
[2025-03-19 02:53:24] INFO "GET /admin/stores/store/ HTTP/1.1" 200 21880
[2025-03-19 02:53:24] INFO "GET /admin/jsi18n/ HTTP/1.1" 200 17546
[2025-03-19 02:53:26] INFO "GET /admin/orders/orderrequest/ HTTP/1.1" 200 21819
[2025-03-19 02:53:26] INFO "GET /admin/jsi18n/ HTTP/1.1" 200 17546
[2025-03-19 02:53:27] INFO "GET /admin/orders/orderrequest/add/ HTTP/1.1" 200 19004
[2025-03-19 02:53:27] INFO "GET /admin/jsi18n/ HTTP/1.1" 200 17546
[2025-03-19 02:53:36] INFO "POST /admin/orders/orderrequest/add/ HTTP/1.1" 302 0
[2025-03-19 02:53:36] INFO "GET /admin/orders/orderrequest/ HTTP/1.1" 200 22742
[2025-03-19 02:53:36] INFO "GET /admin/jsi18n/ HTTP/1.1" 200 17546
[2025-03-19 02:53:38] INFO "GET /admin/stores/store/ HTTP/1.1" 200 23003
[2025-03-19 02:53:38] INFO "GET /admin/jsi18n/ HTTP/1.1" 200 17546
[2025-03-19 02:53:40] INFO "GET /admin/finance/finance/ HTTP/1.1" 200 15735
[2025-03-19 02:53:41] INFO "GET /admin/stores/store/ HTTP/1.1" 200 23003
[2025-03-19 02:53:42] INFO "GET /admin/jsi18n/ HTTP/1.1" 200 17546
[2025-03-19 02:53:43] INFO "GET /admin/stores/store/4/change/ HTTP/1.1" 200 22060
[2025-03-19 02:53:43] INFO "GET /admin/jsi18n/ HTTP/1.1" 200 17546
[2025-03-19 02:53:47] INFO 🏦 Магазин Тест оформил новый долг: 50000 KGS.
[2025-03-19 02:53:47] INFO "POST /admin/stores/store/4/change/ HTTP/1.1" 302 0
[2025-03-19 02:53:47] INFO "GET /admin/stores/store/ HTTP/1.1" 200 23233
[2025-03-19 02:53:47] INFO "GET /admin/jsi18n/ HTTP/1.1" 200 17546
[2025-03-19 02:53:48] INFO "GET /admin/finance/finance/ HTTP/1.1" 200 15735
[2025-03-19 02:53:50] INFO - Broken pipe from ('127.0.0.1', 52189)
[2025-03-19 02:53:52] INFO "GET /api/finance/finances/stats/ HTTP/1.1" 200 207
[2025-03-19 02:53:55] INFO "GET /admin/stores/store/ HTTP/1.1" 200 23007
[2025-03-19 02:53:55] INFO "GET /admin/jsi18n/ HTTP/1.1" 200 17546
[2025-03-19 02:54:00] INFO 💰 Магазин Тест внес 30000 KGS. Долг был 50000.00, стал 20000.00.
[2025-03-19 02:54:00] ERROR Internal Server Error: /admin/stores/store/
Traceback (most recent call last):
  File "D:\Work\BAIEL\venv\Lib\site-packages\django\core\handlers\exception.py", line 55, in inner
    response = get_response(request)
               ^^^^^^^^^^^^^^^^^^^^^
  File "D:\Work\BAIEL\venv\Lib\site-packages\django\core\handlers\base.py", line 197, in _get_response
    response = wrapped_callback(request, *callback_args, **callback_kwargs)
               ^^^^^^^^^^^^^^^^^^^^^^^^^^^^^^^^^^^^^^^^^^^^^^^^^^^^^^^^^^^^
  File "D:\Work\BAIEL\venv\Lib\site-packages\django\contrib\admin\options.py", line 718, in wrapper
    return self.admin_site.admin_view(view)(*args, **kwargs)
           ^^^^^^^^^^^^^^^^^^^^^^^^^^^^^^^^^^^^^^^^^^^^^^^^^
  File "D:\Work\BAIEL\venv\Lib\site-packages\django\utils\decorators.py", line 188, in _view_wrapper
    result = _process_exception(request, e)
             ^^^^^^^^^^^^^^^^^^^^^^^^^^^^^^
  File "D:\Work\BAIEL\venv\Lib\site-packages\django\utils\decorators.py", line 186, in _view_wrapper
    response = view_func(request, *args, **kwargs)
               ^^^^^^^^^^^^^^^^^^^^^^^^^^^^^^^^^^^
  File "D:\Work\BAIEL\venv\Lib\site-packages\django\views\decorators\cache.py", line 80, in _view_wrapper
    response = view_func(request, *args, **kwargs)
               ^^^^^^^^^^^^^^^^^^^^^^^^^^^^^^^^^^^
  File "D:\Work\BAIEL\venv\Lib\site-packages\django\contrib\admin\sites.py", line 241, in inner
    return view(request, *args, **kwargs)
           ^^^^^^^^^^^^^^^^^^^^^^^^^^^^^^
  File "D:\Work\BAIEL\venv\Lib\site-packages\django\utils\decorators.py", line 48, in _wrapper
    return bound_method(*args, **kwargs)
           ^^^^^^^^^^^^^^^^^^^^^^^^^^^^^
  File "D:\Work\BAIEL\venv\Lib\site-packages\django\utils\decorators.py", line 188, in _view_wrapper
    result = _process_exception(request, e)
             ^^^^^^^^^^^^^^^^^^^^^^^^^^^^^^
  File "D:\Work\BAIEL\venv\Lib\site-packages\django\utils\decorators.py", line 186, in _view_wrapper
    response = view_func(request, *args, **kwargs)
               ^^^^^^^^^^^^^^^^^^^^^^^^^^^^^^^^^^^
  File "D:\Work\BAIEL\venv\Lib\site-packages\django\contrib\admin\options.py", line 2092, in changelist_view
    self.save_model(request, obj, form, change=True)
  File "D:\Work\BAIEL\venv\Lib\site-packages\django\contrib\admin\options.py", line 1292, in save_model
    obj.save()
  File "D:\Work\BAIEL\apps\stores\models.py", line 38, in save
    raise ValidationError("Ошибка: Долг уже погашен. Чтобы взять новый, увеличьте 'debt'.")
django.core.exceptions.ValidationError: ["Ошибка: Долг уже погашен. Чтобы взять новый, увеличьте 'debt'."]
[2025-03-19 02:54:00] ERROR "POST /admin/stores/store/ HTTP/1.1" 500 134579
[2025-03-19 02:56:22] INFO D:\Work\BAIEL\apps\orders\views.py changed, reloading.
[2025-03-19 02:56:24] INFO Watching for file changes with StatReloader
[2025-03-19 02:56:49] INFO D:\Work\BAIEL\apps\orders\views.py changed, reloading.
[2025-03-19 02:56:51] INFO Watching for file changes with StatReloader
[2025-03-19 02:56:55] INFO D:\Work\BAIEL\apps\orders\urls.py changed, reloading.
[2025-03-19 02:56:56] INFO Watching for file changes with StatReloader
[2025-03-19 02:57:13] INFO D:\Work\BAIEL\apps\orders\urls.py changed, reloading.
[2025-03-19 02:57:15] INFO Watching for file changes with StatReloader
[2025-03-19 02:57:22] WARNING Not Found: /api/calculator/
[2025-03-19 02:57:22] WARNING "POST /api/calculator/ HTTP/1.1" 404 3515
[2025-03-19 02:57:44] WARNING Not Found: /api/orders/calculator/
[2025-03-19 02:57:44] WARNING "POST /api/orders/calculator/ HTTP/1.1" 404 49
[2025-03-19 02:58:26] INFO "GET /admin/stores/store/ HTTP/1.1" 200 23007
[2025-03-19 02:58:27] INFO "GET /admin/products/product/ HTTP/1.1" 200 15582
[2025-03-19 02:58:27] INFO "GET /admin/jsi18n/ HTTP/1.1" 200 17546
[2025-03-19 02:58:28] INFO "GET /admin/products/product/add/ HTTP/1.1" 200 24982
[2025-03-19 02:58:28] INFO "GET /admin/jsi18n/ HTTP/1.1" 200 17546
[2025-03-19 02:58:28] INFO "GET /static/admin/css/vendor/select2/select2.css HTTP/1.1" 200 17358
[2025-03-19 02:58:28] INFO "GET /static/admin/css/autocomplete.css HTTP/1.1" 200 9185
[2025-03-19 02:58:28] INFO "GET /static/admin/js/vendor/select2/i18n/ru.js HTTP/1.1" 200 1171
[2025-03-19 02:58:28] INFO "GET /static/admin/js/autocomplete.js HTTP/1.1" 200 1060
[2025-03-19 02:58:28] INFO "GET /static/admin/img/icon-deletelink.svg HTTP/1.1" 200 392
[2025-03-19 02:58:28] INFO "GET /static/admin/js/vendor/select2/select2.full.js HTTP/1.1" 200 173566
[2025-03-19 02:58:31] INFO "GET /admin/autocomplete/?app_label=products&model_name=product&field_name=category HTTP/1.1" 200 46
[2025-03-19 02:58:33] INFO "GET /admin/autocomplete/?app_label=products&model_name=product&field_name=category HTTP/1.1" 200 46
[2025-03-19 02:58:36] INFO "GET /admin/products/productcategory/add/?_to_field=id&_popup=1 HTTP/1.1" 200 4524
[2025-03-19 02:58:36] INFO "GET /admin/jsi18n/ HTTP/1.1" 200 17546
[2025-03-19 02:58:39] INFO "POST /admin/products/productcategory/add/?_to_field=id&_popup=1 HTTP/1.1" 200 373
[2025-03-19 02:58:39] INFO "GET /static/admin/js/popup_response.js HTTP/1.1" 200 532
[2025-03-19 02:58:47] INFO "GET /admin/autocomplete/?app_label=products&model_name=product&field_name=owner HTTP/1.1" 200 267
[2025-03-19 02:58:51] INFO "POST /admin/products/product/add/ HTTP/1.1" 302 0
[2025-03-19 02:58:51] INFO "GET /admin/products/product/ HTTP/1.1" 200 20181
[2025-03-19 02:58:51] INFO "GET /admin/jsi18n/ HTTP/1.1" 200 17546
[2025-03-19 02:59:12] ERROR Internal Server Error: /api/orders/calculator/
Traceback (most recent call last):
  File "D:\Work\BAIEL\venv\Lib\site-packages\django\core\handlers\exception.py", line 55, in inner
    response = get_response(request)
               ^^^^^^^^^^^^^^^^^^^^^
  File "D:\Work\BAIEL\venv\Lib\site-packages\django\core\handlers\base.py", line 197, in _get_response
    response = wrapped_callback(request, *callback_args, **callback_kwargs)
               ^^^^^^^^^^^^^^^^^^^^^^^^^^^^^^^^^^^^^^^^^^^^^^^^^^^^^^^^^^^^
  File "D:\Work\BAIEL\venv\Lib\site-packages\django\views\decorators\csrf.py", line 65, in _view_wrapper
    return view_func(request, *args, **kwargs)
           ^^^^^^^^^^^^^^^^^^^^^^^^^^^^^^^^^^^
  File "D:\Work\BAIEL\venv\Lib\site-packages\django\views\generic\base.py", line 104, in view
    return self.dispatch(request, *args, **kwargs)
           ^^^^^^^^^^^^^^^^^^^^^^^^^^^^^^^^^^^^^^^
  File "D:\Work\BAIEL\venv\Lib\site-packages\rest_framework\views.py", line 509, in dispatch
    response = self.handle_exception(exc)
               ^^^^^^^^^^^^^^^^^^^^^^^^^^
  File "D:\Work\BAIEL\venv\Lib\site-packages\rest_framework\views.py", line 469, in handle_exception
    self.raise_uncaught_exception(exc)
  File "D:\Work\BAIEL\venv\Lib\site-packages\rest_framework\views.py", line 480, in raise_uncaught_exception
    raise exc
  File "D:\Work\BAIEL\venv\Lib\site-packages\rest_framework\views.py", line 506, in dispatch
    response = handler(request, *args, **kwargs)
               ^^^^^^^^^^^^^^^^^^^^^^^^^^^^^^^^^
  File "D:\Work\BAIEL\apps\orders\views.py", line 107, in post
    price_per_item *= 0.9  # ✅ Пример скидки 10% для магазинов
    ^^^^^^^^^^^^^^^^^^^^^
TypeError: unsupported operand type(s) for *=: 'decimal.Decimal' and 'float'
[2025-03-19 02:59:12] ERROR "POST /api/orders/calculator/ HTTP/1.1" 500 105079
[2025-03-19 03:02:23] INFO D:\Work\BAIEL\apps\orders\views.py changed, reloading.
[2025-03-19 03:02:25] INFO Watching for file changes with StatReloader
[2025-03-19 03:02:26] ERROR Internal Server Error: /api/orders/calculator/
Traceback (most recent call last):
  File "D:\Work\BAIEL\venv\Lib\site-packages\django\core\handlers\exception.py", line 55, in inner
    response = get_response(request)
               ^^^^^^^^^^^^^^^^^^^^^
  File "D:\Work\BAIEL\venv\Lib\site-packages\django\core\handlers\base.py", line 197, in _get_response
    response = wrapped_callback(request, *callback_args, **callback_kwargs)
               ^^^^^^^^^^^^^^^^^^^^^^^^^^^^^^^^^^^^^^^^^^^^^^^^^^^^^^^^^^^^
  File "D:\Work\BAIEL\venv\Lib\site-packages\django\views\decorators\csrf.py", line 65, in _view_wrapper
    return view_func(request, *args, **kwargs)
           ^^^^^^^^^^^^^^^^^^^^^^^^^^^^^^^^^^^
  File "D:\Work\BAIEL\venv\Lib\site-packages\django\views\generic\base.py", line 104, in view
    return self.dispatch(request, *args, **kwargs)
           ^^^^^^^^^^^^^^^^^^^^^^^^^^^^^^^^^^^^^^^
  File "D:\Work\BAIEL\venv\Lib\site-packages\rest_framework\views.py", line 509, in dispatch
    response = self.handle_exception(exc)
               ^^^^^^^^^^^^^^^^^^^^^^^^^^
  File "D:\Work\BAIEL\venv\Lib\site-packages\rest_framework\views.py", line 469, in handle_exception
    self.raise_uncaught_exception(exc)
  File "D:\Work\BAIEL\venv\Lib\site-packages\rest_framework\views.py", line 480, in raise_uncaught_exception
    raise exc
  File "D:\Work\BAIEL\venv\Lib\site-packages\rest_framework\views.py", line 506, in dispatch
    response = handler(request, *args, **kwargs)
               ^^^^^^^^^^^^^^^^^^^^^^^^^^^^^^^^^
  File "D:\Work\BAIEL\apps\orders\views.py", line 92, in post
    total_cost = Decimal("0.00")
                 ^^^^^^^
NameError: name 'Decimal' is not defined
[2025-03-19 03:02:26] ERROR "POST /api/orders/calculator/ HTTP/1.1" 500 103403
[2025-03-19 03:04:08] INFO D:\Work\BAIEL\apps\orders\views.py changed, reloading.
[2025-03-19 03:04:09] INFO Watching for file changes with StatReloader
[2025-03-19 03:04:11] INFO 🏦 Магазин DADAD оформил новый долг: 55188.000 KGS.
[2025-03-19 03:04:11] INFO "POST /api/orders/calculator/ HTTP/1.1" 200 84
[2025-03-19 03:05:35] INFO D:\Work\BAIEL\apps\orders\views.py changed, reloading.
[2025-03-19 03:05:37] INFO Watching for file changes with StatReloader
[2025-03-19 03:05:39] INFO 💰 Магазин DADAD внес 102.00 KGS. Долг был 55188.00, стал 55086.00.
[2025-03-19 03:05:39] INFO "POST /api/orders/calculator/ HTTP/1.1" 200 104
[2025-03-19 03:05:46] INFO 💰 Магазин DADAD внес 102.00 KGS. Долг был 55086.00, стал 54984.00.
[2025-03-19 03:05:46] INFO "POST /api/orders/calculator/ HTTP/1.1" 200 104
[2025-03-19 03:05:51] INFO 💰 Магазин DADAD внес 102.00 KGS. Долг был 54984.00, стал 54882.00.
[2025-03-19 03:05:51] INFO "POST /api/orders/calculator/ HTTP/1.1" 200 105
[2025-03-19 03:05:55] INFO 💰 Магазин DADAD внес 102.00 KGS. Долг был 54882.00, стал 54780.00.
[2025-03-19 03:05:55] INFO "POST /api/orders/calculator/ HTTP/1.1" 200 105
[2025-03-19 03:06:00] INFO 💰 Магазин DADAD внес 102.00 KGS. Долг был 54780.00, стал 54678.00.
[2025-03-19 03:06:00] INFO "POST /api/orders/calculator/ HTTP/1.1" 200 104
[2025-03-19 03:06:07] INFO 💰 Магазин DADAD внес 102.00 KGS. Долг был 54678.00, стал 54576.00.
[2025-03-19 03:06:07] INFO "POST /api/orders/calculator/ HTTP/1.1" 200 106
[2025-03-19 03:06:12] INFO 💰 Магазин DADAD внес 102.00 KGS. Долг был 54576.00, стал 54474.00.
[2025-03-19 03:06:12] INFO "POST /api/orders/calculator/ HTTP/1.1" 200 106
[2025-03-19 03:08:09] INFO D:\Work\BAIEL\apps\orders\views.py changed, reloading.
[2025-03-19 03:08:10] INFO Watching for file changes with StatReloader
[2025-03-19 03:08:25] INFO D:\Work\BAIEL\apps\orders\views.py changed, reloading.
[2025-03-19 03:08:27] INFO Watching for file changes with StatReloader
[2025-03-19 03:08:29] INFO 💰 Магазин DADAD внес 102.00 KGS. Долг был 54474.00, стал 54372.00.
[2025-03-19 03:08:29] INFO "POST /api/orders/calculator/ HTTP/1.1" 200 106
[2025-03-19 03:08:33] INFO 💰 Магазин DADAD внес 102.00 KGS. Долг был 54372.00, стал 54270.00.
[2025-03-19 03:08:33] INFO "POST /api/orders/calculator/ HTTP/1.1" 200 106
[2025-03-19 03:08:35] INFO 💰 Магазин DADAD внес 102.00 KGS. Долг был 54270.00, стал 54168.00.
[2025-03-19 03:08:35] INFO "POST /api/orders/calculator/ HTTP/1.1" 200 106
[2025-03-19 03:08:40] INFO "GET /admin/products/product/ HTTP/1.1" 200 19960
[2025-03-19 03:08:40] INFO "GET /admin/jsi18n/ HTTP/1.1" 200 17546
[2025-03-19 03:08:48] INFO "GET /admin/stores/store/ HTTP/1.1" 200 23011
[2025-03-19 03:08:48] INFO "GET /admin/jsi18n/ HTTP/1.1" 200 17546
[2025-03-19 03:08:56] INFO "GET /admin/stores/store/ HTTP/1.1" 200 23011
[2025-03-19 03:08:56] INFO "GET /admin/jsi18n/ HTTP/1.1" 200 17546
[2025-03-19 03:09:00] INFO "GET /admin/finance/finance/ HTTP/1.1" 200 15735
[2025-03-19 03:09:02] INFO "GET /admin/finance/finance/add/ HTTP/1.1" 200 20876
[2025-03-19 03:09:02] INFO "GET /admin/jsi18n/ HTTP/1.1" 200 17546
[2025-03-19 03:09:19] INFO "GET /api/finance/finances/stats/ HTTP/1.1" 200 207
[2025-03-19 03:09:34] WARNING Method Not Allowed: /api/finance/finances/stats/
[2025-03-19 03:09:34] WARNING "POST /api/finance/finances/stats/ HTTP/1.1" 405 55
[2025-03-19 03:09:45] INFO 💰 Магазин DADAD внес 102.00 KGS. Долг был 54168.00, стал 54066.00.
[2025-03-19 03:09:45] INFO "POST /api/orders/calculator/ HTTP/1.1" 200 106
[2025-03-19 03:10:10] INFO 💰 Магазин DADAD внес 102.00 KGS. Долг был 54066.00, стал 53964.00.
[2025-03-19 03:10:10] INFO "POST /api/orders/calculator/ HTTP/1.1" 200 106
[2025-03-19 03:11:38] INFO D:\Work\BAIEL\apps\orders\views.py changed, reloading.
[2025-03-19 03:11:39] INFO Watching for file changes with StatReloader
[2025-03-19 03:11:49] INFO 💰 Магазин DADAD внес 102.00 KGS. Долг был 53964.00, стал 53862.00.
[2025-03-19 03:11:49] INFO "POST /api/orders/calculator/ HTTP/1.1" 200 106
[2025-03-19 03:11:51] INFO 💰 Магазин DADAD внес 102.00 KGS. Долг был 53862.00, стал 53760.00.
[2025-03-19 03:11:51] INFO "POST /api/orders/calculator/ HTTP/1.1" 200 106
[2025-03-19 03:12:15] INFO 💰 Магазин DADAD внес 102.00 KGS. Долг был 53760.00, стал 53658.00.
[2025-03-19 03:12:15] INFO "POST /api/orders/calculator/ HTTP/1.1" 200 106
[2025-03-19 03:12:19] INFO 💰 Магазин DADAD внес 102.00 KGS. Долг был 53658.00, стал 53556.00.
[2025-03-19 03:12:19] INFO "POST /api/orders/calculator/ HTTP/1.1" 200 106
[2025-03-19 03:12:30] INFO 💰 Магазин DADAD внес 102.00 KGS. Долг был 53556.00, стал 53454.00.
[2025-03-19 03:12:30] INFO "POST /api/orders/calculator/ HTTP/1.1" 200 106
[2025-03-19 03:13:50] INFO D:\Work\BAIEL\apps\orders\views.py changed, reloading.
[2025-03-19 03:13:51] INFO Watching for file changes with StatReloader
[2025-03-19 03:13:53] INFO 💰 Магазин DADAD внес 102.00 KGS. Долг был 53454.00, стал 53352.00.
[2025-03-19 03:13:53] INFO "POST /api/orders/calculator/ HTTP/1.1" 200 106
[2025-03-19 03:13:54] INFO 💰 Магазин DADAD внес 102.00 KGS. Долг был 53352.00, стал 53250.00.
[2025-03-19 03:13:54] INFO "POST /api/orders/calculator/ HTTP/1.1" 200 106
[2025-03-19 03:14:24] INFO "GET /admin/stores/store/ HTTP/1.1" 200 23011
[2025-03-19 03:14:25] INFO "GET /admin/jsi18n/ HTTP/1.1" 200 17546
[2025-03-19 03:14:31] ERROR Internal Server Error: /admin/stores/store/
Traceback (most recent call last):
  File "D:\Work\BAIEL\venv\Lib\site-packages\django\core\handlers\exception.py", line 55, in inner
    response = get_response(request)
               ^^^^^^^^^^^^^^^^^^^^^
  File "D:\Work\BAIEL\venv\Lib\site-packages\django\core\handlers\base.py", line 197, in _get_response
    response = wrapped_callback(request, *callback_args, **callback_kwargs)
               ^^^^^^^^^^^^^^^^^^^^^^^^^^^^^^^^^^^^^^^^^^^^^^^^^^^^^^^^^^^^
  File "D:\Work\BAIEL\venv\Lib\site-packages\django\contrib\admin\options.py", line 718, in wrapper
    return self.admin_site.admin_view(view)(*args, **kwargs)
           ^^^^^^^^^^^^^^^^^^^^^^^^^^^^^^^^^^^^^^^^^^^^^^^^^
  File "D:\Work\BAIEL\venv\Lib\site-packages\django\utils\decorators.py", line 188, in _view_wrapper
    result = _process_exception(request, e)
             ^^^^^^^^^^^^^^^^^^^^^^^^^^^^^^
  File "D:\Work\BAIEL\venv\Lib\site-packages\django\utils\decorators.py", line 186, in _view_wrapper
    response = view_func(request, *args, **kwargs)
               ^^^^^^^^^^^^^^^^^^^^^^^^^^^^^^^^^^^
  File "D:\Work\BAIEL\venv\Lib\site-packages\django\views\decorators\cache.py", line 80, in _view_wrapper
    response = view_func(request, *args, **kwargs)
               ^^^^^^^^^^^^^^^^^^^^^^^^^^^^^^^^^^^
  File "D:\Work\BAIEL\venv\Lib\site-packages\django\contrib\admin\sites.py", line 241, in inner
    return view(request, *args, **kwargs)
           ^^^^^^^^^^^^^^^^^^^^^^^^^^^^^^
  File "D:\Work\BAIEL\venv\Lib\site-packages\django\utils\decorators.py", line 48, in _wrapper
    return bound_method(*args, **kwargs)
           ^^^^^^^^^^^^^^^^^^^^^^^^^^^^^
  File "D:\Work\BAIEL\venv\Lib\site-packages\django\utils\decorators.py", line 188, in _view_wrapper
    result = _process_exception(request, e)
             ^^^^^^^^^^^^^^^^^^^^^^^^^^^^^^
  File "D:\Work\BAIEL\venv\Lib\site-packages\django\utils\decorators.py", line 186, in _view_wrapper
    response = view_func(request, *args, **kwargs)
               ^^^^^^^^^^^^^^^^^^^^^^^^^^^^^^^^^^^
  File "D:\Work\BAIEL\venv\Lib\site-packages\django\contrib\admin\options.py", line 2092, in changelist_view
    self.save_model(request, obj, form, change=True)
  File "D:\Work\BAIEL\venv\Lib\site-packages\django\contrib\admin\options.py", line 1292, in save_model
    obj.save()
  File "D:\Work\BAIEL\apps\stores\models.py", line 38, in save
    raise ValidationError("Ошибка: Долг уже погашен. Чтобы взять новый, увеличьте 'debt'.")
django.core.exceptions.ValidationError: ["Ошибка: Долг уже погашен. Чтобы взять новый, увеличьте 'debt'."]
[2025-03-19 03:14:31] ERROR "POST /admin/stores/store/ HTTP/1.1" 500 134340
[2025-03-19 03:15:02] INFO "GET /admin/stores/store/ HTTP/1.1" 200 23011
[2025-03-19 03:15:07] ERROR Internal Server Error: /admin/stores/store/
Traceback (most recent call last):
  File "D:\Work\BAIEL\venv\Lib\site-packages\django\core\handlers\exception.py", line 55, in inner
    response = get_response(request)
               ^^^^^^^^^^^^^^^^^^^^^
  File "D:\Work\BAIEL\venv\Lib\site-packages\django\core\handlers\base.py", line 197, in _get_response
    response = wrapped_callback(request, *callback_args, **callback_kwargs)
               ^^^^^^^^^^^^^^^^^^^^^^^^^^^^^^^^^^^^^^^^^^^^^^^^^^^^^^^^^^^^
  File "D:\Work\BAIEL\venv\Lib\site-packages\django\contrib\admin\options.py", line 718, in wrapper
    return self.admin_site.admin_view(view)(*args, **kwargs)
           ^^^^^^^^^^^^^^^^^^^^^^^^^^^^^^^^^^^^^^^^^^^^^^^^^
  File "D:\Work\BAIEL\venv\Lib\site-packages\django\utils\decorators.py", line 188, in _view_wrapper
    result = _process_exception(request, e)
             ^^^^^^^^^^^^^^^^^^^^^^^^^^^^^^
  File "D:\Work\BAIEL\venv\Lib\site-packages\django\utils\decorators.py", line 186, in _view_wrapper
    response = view_func(request, *args, **kwargs)
               ^^^^^^^^^^^^^^^^^^^^^^^^^^^^^^^^^^^
  File "D:\Work\BAIEL\venv\Lib\site-packages\django\views\decorators\cache.py", line 80, in _view_wrapper
    response = view_func(request, *args, **kwargs)
               ^^^^^^^^^^^^^^^^^^^^^^^^^^^^^^^^^^^
  File "D:\Work\BAIEL\venv\Lib\site-packages\django\contrib\admin\sites.py", line 241, in inner
    return view(request, *args, **kwargs)
           ^^^^^^^^^^^^^^^^^^^^^^^^^^^^^^
  File "D:\Work\BAIEL\venv\Lib\site-packages\django\utils\decorators.py", line 48, in _wrapper
    return bound_method(*args, **kwargs)
           ^^^^^^^^^^^^^^^^^^^^^^^^^^^^^
  File "D:\Work\BAIEL\venv\Lib\site-packages\django\utils\decorators.py", line 188, in _view_wrapper
    result = _process_exception(request, e)
             ^^^^^^^^^^^^^^^^^^^^^^^^^^^^^^
  File "D:\Work\BAIEL\venv\Lib\site-packages\django\utils\decorators.py", line 186, in _view_wrapper
    response = view_func(request, *args, **kwargs)
               ^^^^^^^^^^^^^^^^^^^^^^^^^^^^^^^^^^^
  File "D:\Work\BAIEL\venv\Lib\site-packages\django\contrib\admin\options.py", line 2092, in changelist_view
    self.save_model(request, obj, form, change=True)
  File "D:\Work\BAIEL\venv\Lib\site-packages\django\contrib\admin\options.py", line 1292, in save_model
    obj.save()
  File "D:\Work\BAIEL\apps\stores\models.py", line 38, in save
    raise ValidationError("Ошибка: Долг уже погашен. Чтобы взять новый, увеличьте 'debt'.")
django.core.exceptions.ValidationError: ["Ошибка: Долг уже погашен. Чтобы взять новый, увеличьте 'debt'."]
[2025-03-19 03:15:07] ERROR "POST /admin/stores/store/ HTTP/1.1" 500 134333
[2025-03-19 03:20:34] INFO D:\Work\BAIEL\apps\stores\models.py changed, reloading.
[2025-03-19 03:20:35] INFO Watching for file changes with StatReloader
[2025-03-19 03:20:43] ERROR Internal Server Error: /admin/stores/store/
Traceback (most recent call last):
  File "D:\Work\BAIEL\venv\Lib\site-packages\django\core\handlers\exception.py", line 55, in inner
    response = get_response(request)
               ^^^^^^^^^^^^^^^^^^^^^
  File "D:\Work\BAIEL\venv\Lib\site-packages\django\core\handlers\base.py", line 197, in _get_response
    response = wrapped_callback(request, *callback_args, **callback_kwargs)
               ^^^^^^^^^^^^^^^^^^^^^^^^^^^^^^^^^^^^^^^^^^^^^^^^^^^^^^^^^^^^
  File "D:\Work\BAIEL\venv\Lib\site-packages\django\contrib\admin\options.py", line 718, in wrapper
    return self.admin_site.admin_view(view)(*args, **kwargs)
           ^^^^^^^^^^^^^^^^^^^^^^^^^^^^^^^^^^^^^^^^^^^^^^^^^
  File "D:\Work\BAIEL\venv\Lib\site-packages\django\utils\decorators.py", line 188, in _view_wrapper
    result = _process_exception(request, e)
             ^^^^^^^^^^^^^^^^^^^^^^^^^^^^^^
  File "D:\Work\BAIEL\venv\Lib\site-packages\django\utils\decorators.py", line 186, in _view_wrapper
    response = view_func(request, *args, **kwargs)
               ^^^^^^^^^^^^^^^^^^^^^^^^^^^^^^^^^^^
  File "D:\Work\BAIEL\venv\Lib\site-packages\django\views\decorators\cache.py", line 80, in _view_wrapper
    response = view_func(request, *args, **kwargs)
               ^^^^^^^^^^^^^^^^^^^^^^^^^^^^^^^^^^^
  File "D:\Work\BAIEL\venv\Lib\site-packages\django\contrib\admin\sites.py", line 241, in inner
    return view(request, *args, **kwargs)
           ^^^^^^^^^^^^^^^^^^^^^^^^^^^^^^
  File "D:\Work\BAIEL\venv\Lib\site-packages\django\utils\decorators.py", line 48, in _wrapper
    return bound_method(*args, **kwargs)
           ^^^^^^^^^^^^^^^^^^^^^^^^^^^^^
  File "D:\Work\BAIEL\venv\Lib\site-packages\django\utils\decorators.py", line 188, in _view_wrapper
    result = _process_exception(request, e)
             ^^^^^^^^^^^^^^^^^^^^^^^^^^^^^^
  File "D:\Work\BAIEL\venv\Lib\site-packages\django\utils\decorators.py", line 186, in _view_wrapper
    response = view_func(request, *args, **kwargs)
               ^^^^^^^^^^^^^^^^^^^^^^^^^^^^^^^^^^^
  File "D:\Work\BAIEL\venv\Lib\site-packages\django\contrib\admin\options.py", line 2092, in changelist_view
    self.save_model(request, obj, form, change=True)
  File "D:\Work\BAIEL\venv\Lib\site-packages\django\contrib\admin\options.py", line 1292, in save_model
    obj.save()
  File "D:\Work\BAIEL\apps\stores\models.py", line 49, in save
    raise ValidationError("Ошибка: Долг уже был погашен. Если хотите взять новый долг, увеличьте 'debt'.")
django.core.exceptions.ValidationError: ["Ошибка: Долг уже был погашен. Если хотите взять новый долг, увеличьте 'debt'."]
[2025-03-19 03:20:43] ERROR "POST /admin/stores/store/ HTTP/1.1" 500 134560
[2025-03-19 03:20:46] INFO "GET /admin/stores/store/ HTTP/1.1" 200 23011
[2025-03-19 03:20:49] INFO "GET /admin/stores/store/1/change/ HTTP/1.1" 200 22050
[2025-03-19 03:20:49] INFO "GET /static/admin/css/base.css HTTP/1.1" 304 0
[2025-03-19 03:20:49] INFO "GET /static/admin/css/dark_mode.css HTTP/1.1" 304 0
[2025-03-19 03:20:49] INFO "GET /static/admin/js/theme.js HTTP/1.1" 304 0
[2025-03-19 03:20:49] INFO "GET /static/admin/css/forms.css HTTP/1.1" 304 0
[2025-03-19 03:20:49] INFO "GET /static/admin/css/nav_sidebar.css HTTP/1.1" 304 0
[2025-03-19 03:20:49] INFO "GET /static/admin/css/responsive.css HTTP/1.1" 304 0
[2025-03-19 03:20:49] INFO "GET /static/admin/js/jquery.init.js HTTP/1.1" 304 0
[2025-03-19 03:20:49] INFO "GET /static/admin/js/vendor/jquery/jquery.js HTTP/1.1" 304 0
[2025-03-19 03:20:49] INFO "GET /static/admin/js/core.js HTTP/1.1" 304 0
[2025-03-19 03:20:49] INFO "GET /static/admin/js/admin/RelatedObjectLookups.js HTTP/1.1" 304 0
[2025-03-19 03:20:49] INFO "GET /static/admin/js/actions.js HTTP/1.1" 304 0
[2025-03-19 03:20:49] INFO "GET /static/admin/js/urlify.js HTTP/1.1" 304 0
[2025-03-19 03:20:49] INFO "GET /static/admin/js/prepopulate.js HTTP/1.1" 304 0
[2025-03-19 03:20:49] INFO "GET /static/admin/js/vendor/xregexp/xregexp.js HTTP/1.1" 304 0
[2025-03-19 03:20:49] INFO "GET /static/admin/css/widgets.css HTTP/1.1" 304 0
[2025-03-19 03:20:49] INFO "GET /static/admin/js/prepopulate_init.js HTTP/1.1" 304 0
[2025-03-19 03:20:49] INFO "GET /static/admin/js/nav_sidebar.js HTTP/1.1" 304 0
[2025-03-19 03:20:49] INFO "GET /static/admin/img/icon-changelink.svg HTTP/1.1" 304 0
[2025-03-19 03:20:49] INFO "GET /static/admin/img/icon-addlink.svg HTTP/1.1" 304 0
[2025-03-19 03:20:49] INFO "GET /static/admin/img/icon-viewlink.svg HTTP/1.1" 304 0
[2025-03-19 03:20:49] INFO "GET /static/admin/js/change_form.js HTTP/1.1" 304 0
[2025-03-19 03:20:49] INFO "GET /admin/jsi18n/ HTTP/1.1" 200 17546
[2025-03-19 03:20:54] INFO 🔄 Магазин DADAD полностью очистил долг и платежи.
[2025-03-19 03:20:54] INFO "POST /admin/stores/store/1/change/ HTTP/1.1" 302 0
[2025-03-19 03:20:54] INFO "GET /admin/stores/store/ HTTP/1.1" 200 23228
[2025-03-19 03:20:54] INFO "GET /static/admin/css/changelists.css HTTP/1.1" 304 0
[2025-03-19 03:20:54] INFO "GET /static/admin/img/search.svg HTTP/1.1" 304 0
[2025-03-19 03:20:54] INFO "GET /static/admin/js/filters.js HTTP/1.1" 304 0
[2025-03-19 03:20:54] INFO "GET /admin/jsi18n/ HTTP/1.1" 200 17546
[2025-03-19 03:20:54] INFO "GET /static/admin/img/icon-yes.svg HTTP/1.1" 304 0
[2025-03-19 03:20:59] INFO "GET /admin/stores/store/4/change/ HTTP/1.1" 200 22064
[2025-03-19 03:20:59] INFO "GET /admin/jsi18n/ HTTP/1.1" 200 17546
[2025-03-19 03:21:02] INFO 🔄 Магазин Тест полностью очистил долг и платежи.
[2025-03-19 03:21:02] INFO "POST /admin/stores/store/4/change/ HTTP/1.1" 302 0
[2025-03-19 03:21:02] INFO "GET /admin/stores/store/ HTTP/1.1" 200 23227
[2025-03-19 03:21:02] INFO "GET /admin/jsi18n/ HTTP/1.1" 200 17546
[2025-03-19 03:21:09] INFO 💰 Магазин DADAD внес 0.00 KGS. Долг был 0.00, стал 0.00.
[2025-03-19 03:21:09] INFO "POST /api/orders/calculator/ HTTP/1.1" 200 102
[2025-03-19 03:21:12] INFO 💰 Магазин DADAD внес 0.00 KGS. Долг был 0.00, стал 0.00.
[2025-03-19 03:21:12] INFO "POST /api/orders/calculator/ HTTP/1.1" 200 102
[2025-03-19 03:23:16] INFO D:\Work\BAIEL\apps\orders\views.py changed, reloading.
[2025-03-19 03:23:18] INFO Watching for file changes with StatReloader
[2025-03-19 03:23:22] INFO D:\Work\BAIEL\apps\orders\views.py changed, reloading.
[2025-03-19 03:23:23] INFO Watching for file changes with StatReloader
[2025-03-19 03:24:24] INFO D:\Work\BAIEL\apps\orders\urls.py changed, reloading.
[2025-03-19 03:24:25] INFO Watching for file changes with StatReloader
[2025-03-19 03:24:27] INFO 💰 Магазин DADAD внес 0.00 KGS. Долг был 0.00, стал 0.00.
[2025-03-19 03:24:27] INFO "POST /api/orders/calculator/ HTTP/1.1" 200 102
[2025-03-19 03:24:29] INFO 💰 Магазин DADAD внес 0.00 KGS. Долг был 0.00, стал 0.00.
[2025-03-19 03:24:29] INFO "POST /api/orders/calculator/ HTTP/1.1" 200 102
[2025-03-19 03:26:31] INFO D:\Work\BAIEL\apps\orders\views.py changed, reloading.
[2025-03-19 03:26:32] INFO Watching for file changes with StatReloader
[2025-03-19 03:26:33] INFO 💰 Магазин DADAD внес 0.00 KGS. Долг был 0.00, стал 0.00.
[2025-03-19 03:26:33] INFO "POST /api/orders/calculator/ HTTP/1.1" 200 102
[2025-03-19 03:26:34] INFO 💰 Магазин DADAD внес 0.00 KGS. Долг был 0.00, стал 0.00.
[2025-03-19 03:26:34] INFO "POST /api/orders/calculator/ HTTP/1.1" 200 102
[2025-03-19 03:26:36] INFO 💰 Магазин DADAD внес 0.00 KGS. Долг был 0.00, стал 0.00.
[2025-03-19 03:26:36] INFO "POST /api/orders/calculator/ HTTP/1.1" 200 102
[2025-03-19 03:28:32] INFO D:\Work\BAIEL\apps\orders\views.py changed, reloading.
[2025-03-19 03:28:33] INFO Watching for file changes with StatReloader
[2025-03-19 03:28:38] INFO "POST /api/orders/calculator/ HTTP/1.1" 200 85
[2025-03-19 03:28:41] INFO "POST /api/orders/calculator/ HTTP/1.1" 200 85
[2025-03-19 03:32:13] INFO D:\Work\BAIEL\apps\orders\views.py changed, reloading.
[2025-03-19 03:32:14] INFO Watching for file changes with StatReloader
[2025-03-19 03:32:16] INFO "POST /api/orders/calculator/ HTTP/1.1" 200 85
[2025-03-19 03:32:22] INFO "POST /api/orders/calculator/ HTTP/1.1" 200 83
[2025-03-19 03:32:28] INFO "POST /api/orders/calculator/ HTTP/1.1" 200 82
[2025-03-19 03:32:34] INFO "POST /api/orders/calculator/ HTTP/1.1" 200 92
[2025-03-19 03:33:51] INFO "GET /api/finance/finances/stats/ HTTP/1.1" 200 207
[2025-03-19 03:37:03] INFO D:\Work\BAIEL\apps\finance\views.py changed, reloading.
[2025-03-19 03:37:05] INFO Watching for file changes with StatReloader
[2025-03-19 03:37:16] INFO D:\Work\BAIEL\apps\finance\urls.py changed, reloading.
[2025-03-19 03:37:18] INFO Watching for file changes with StatReloader
[2025-03-19 03:38:39] INFO Watching for file changes with StatReloader
[2025-03-19 03:38:42] WARNING Not Found: /api/finance/finances/stats/
[2025-03-19 03:38:42] WARNING "GET /api/finance/finances/stats/ HTTP/1.1" 404 4408
[2025-03-19 03:38:53] WARNING Not Found: /api/finance/finances/summary/
[2025-03-19 03:38:53] WARNING "GET /api/finance/finances/summary/ HTTP/1.1" 404 4414
[2025-03-19 03:38:54] WARNING Not Found: /api/finance/finances/summary/
[2025-03-19 03:38:54] WARNING "GET /api/finance/finances/summary/ HTTP/1.1" 404 4414
[2025-03-19 03:39:06] ERROR Internal Server Error: /api/finance/summary/
Traceback (most recent call last):
  File "D:\Work\BAIEL\venv\Lib\site-packages\django\core\handlers\exception.py", line 55, in inner
    response = get_response(request)
               ^^^^^^^^^^^^^^^^^^^^^
  File "D:\Work\BAIEL\venv\Lib\site-packages\django\core\handlers\base.py", line 197, in _get_response
    response = wrapped_callback(request, *callback_args, **callback_kwargs)
               ^^^^^^^^^^^^^^^^^^^^^^^^^^^^^^^^^^^^^^^^^^^^^^^^^^^^^^^^^^^^
  File "D:\Work\BAIEL\venv\Lib\site-packages\django\views\decorators\csrf.py", line 65, in _view_wrapper
    return view_func(request, *args, **kwargs)
           ^^^^^^^^^^^^^^^^^^^^^^^^^^^^^^^^^^^
  File "D:\Work\BAIEL\venv\Lib\site-packages\django\views\generic\base.py", line 104, in view
    return self.dispatch(request, *args, **kwargs)
           ^^^^^^^^^^^^^^^^^^^^^^^^^^^^^^^^^^^^^^^
  File "D:\Work\BAIEL\venv\Lib\site-packages\rest_framework\views.py", line 509, in dispatch
    response = self.handle_exception(exc)
               ^^^^^^^^^^^^^^^^^^^^^^^^^^
  File "D:\Work\BAIEL\venv\Lib\site-packages\rest_framework\views.py", line 469, in handle_exception
    self.raise_uncaught_exception(exc)
  File "D:\Work\BAIEL\venv\Lib\site-packages\rest_framework\views.py", line 480, in raise_uncaught_exception
    raise exc
  File "D:\Work\BAIEL\venv\Lib\site-packages\rest_framework\views.py", line 506, in dispatch
    response = handler(request, *args, **kwargs)
               ^^^^^^^^^^^^^^^^^^^^^^^^^^^^^^^^^
  File "D:\Work\BAIEL\apps\finance\views.py", line 23, in get
    "today": get_finance_summary(today),
             ^^^^^^^^^^^^^^^^^^^^^^^^^^
  File "D:\Work\BAIEL\apps\finance\views.py", line 16, in get_finance_summary
    return Finance.objects.filter(date__gte=start_date).aggregate(
           ^^^^^^^^^^^^^^^^^^^^^^^^^^^^^^^^^^^^^^^^^^^^
  File "D:\Work\BAIEL\venv\Lib\site-packages\django\db\models\manager.py", line 87, in manager_method
    return getattr(self.get_queryset(), name)(*args, **kwargs)
           ^^^^^^^^^^^^^^^^^^^^^^^^^^^^^^^^^^^^^^^^^^^^^^^^^^^
  File "D:\Work\BAIEL\venv\Lib\site-packages\django\db\models\query.py", line 1476, in filter
    return self._filter_or_exclude(False, args, kwargs)
           ^^^^^^^^^^^^^^^^^^^^^^^^^^^^^^^^^^^^^^^^^^^^
  File "D:\Work\BAIEL\venv\Lib\site-packages\django\db\models\query.py", line 1494, in _filter_or_exclude
    clone._filter_or_exclude_inplace(negate, args, kwargs)
  File "D:\Work\BAIEL\venv\Lib\site-packages\django\db\models\query.py", line 1501, in _filter_or_exclude_inplace
    self._query.add_q(Q(*args, **kwargs))
  File "D:\Work\BAIEL\venv\Lib\site-packages\django\db\models\sql\query.py", line 1609, in add_q
    clause, _ = self._add_q(q_object, self.used_aliases)
                ^^^^^^^^^^^^^^^^^^^^^^^^^^^^^^^^^^^^^^^^
  File "D:\Work\BAIEL\venv\Lib\site-packages\django\db\models\sql\query.py", line 1641, in _add_q
    child_clause, needed_inner = self.build_filter(
                                 ^^^^^^^^^^^^^^^^^^
  File "D:\Work\BAIEL\venv\Lib\site-packages\django\db\models\sql\query.py", line 1491, in build_filter
    lookups, parts, reffed_expression = self.solve_lookup_type(arg, summarize)
                                        ^^^^^^^^^^^^^^^^^^^^^^^^^^^^^^^^^^^^^^
  File "D:\Work\BAIEL\venv\Lib\site-packages\django\db\models\sql\query.py", line 1303, in solve_lookup_type
    _, field, _, lookup_parts = self.names_to_path(lookup_splitted, self.get_meta())
                                ^^^^^^^^^^^^^^^^^^^^^^^^^^^^^^^^^^^^^^^^^^^^^^^^^^^^
  File "D:\Work\BAIEL\venv\Lib\site-packages\django\db\models\sql\query.py", line 1768, in names_to_path
    raise FieldError(
django.core.exceptions.FieldError: Cannot resolve keyword 'date' into field. Choices are: balance, bonus, created_at, debt, defect, expense, id, income, payment, store, store_id
[2025-03-19 03:39:06] ERROR "GET /api/finance/summary/ HTTP/1.1" 500 151233
[2025-03-19 03:39:19] INFO "GET /api/finance HTTP/1.1" 301 0
[2025-03-19 03:39:19] WARNING Unauthorized: /api/finance/
[2025-03-19 03:39:19] WARNING "GET /api/finance/ HTTP/1.1" 401 5073
[2025-03-19 03:39:19] INFO "GET /static/rest_framework/css/bootstrap.min.css HTTP/1.1" 304 0
[2025-03-19 03:39:19] INFO "GET /static/rest_framework/css/bootstrap-tweaks.css HTTP/1.1" 304 0
[2025-03-19 03:39:19] INFO "GET /static/rest_framework/css/prettify.css HTTP/1.1" 304 0
[2025-03-19 03:39:19] INFO "GET /static/rest_framework/css/default.css HTTP/1.1" 304 0
[2025-03-19 03:39:19] INFO "GET /static/rest_framework/js/ajax-form.js HTTP/1.1" 304 0
[2025-03-19 03:39:19] INFO "GET /static/rest_framework/js/jquery-3.7.1.min.js HTTP/1.1" 304 0
[2025-03-19 03:39:19] INFO "GET /static/rest_framework/js/csrf.js HTTP/1.1" 304 0
[2025-03-19 03:39:19] INFO "GET /static/rest_framework/js/bootstrap.min.js HTTP/1.1" 304 0
[2025-03-19 03:39:19] INFO "GET /static/rest_framework/js/prettify-min.js HTTP/1.1" 304 0
[2025-03-19 03:39:19] INFO "GET /static/rest_framework/js/default.js HTTP/1.1" 304 0
[2025-03-19 03:39:19] INFO "GET /static/rest_framework/js/load-ajax-form.js HTTP/1.1" 304 0
[2025-03-19 03:39:19] INFO "GET /static/rest_framework/img/grid.png HTTP/1.1" 304 0
[2025-03-19 03:39:21] WARNING Not Found: /api/finance/ы
[2025-03-19 03:39:21] WARNING "GET /api/finance/%D1%8B HTTP/1.1" 404 4373
[2025-03-19 03:39:52] INFO D:\Work\BAIEL\apps\finance\urls.py changed, reloading.
[2025-03-19 03:39:54] INFO Watching for file changes with StatReloader
[2025-03-19 03:40:54] ERROR Internal Server Error: /api/finance/summary/
Traceback (most recent call last):
  File "D:\Work\BAIEL\venv\Lib\site-packages\django\core\handlers\exception.py", line 55, in inner
    response = get_response(request)
               ^^^^^^^^^^^^^^^^^^^^^
  File "D:\Work\BAIEL\venv\Lib\site-packages\django\core\handlers\base.py", line 197, in _get_response
    response = wrapped_callback(request, *callback_args, **callback_kwargs)
               ^^^^^^^^^^^^^^^^^^^^^^^^^^^^^^^^^^^^^^^^^^^^^^^^^^^^^^^^^^^^
  File "D:\Work\BAIEL\venv\Lib\site-packages\django\views\decorators\csrf.py", line 65, in _view_wrapper
    return view_func(request, *args, **kwargs)
           ^^^^^^^^^^^^^^^^^^^^^^^^^^^^^^^^^^^
  File "D:\Work\BAIEL\venv\Lib\site-packages\django\views\generic\base.py", line 104, in view
    return self.dispatch(request, *args, **kwargs)
           ^^^^^^^^^^^^^^^^^^^^^^^^^^^^^^^^^^^^^^^
  File "D:\Work\BAIEL\venv\Lib\site-packages\rest_framework\views.py", line 509, in dispatch
    response = self.handle_exception(exc)
               ^^^^^^^^^^^^^^^^^^^^^^^^^^
  File "D:\Work\BAIEL\venv\Lib\site-packages\rest_framework\views.py", line 469, in handle_exception
    self.raise_uncaught_exception(exc)
  File "D:\Work\BAIEL\venv\Lib\site-packages\rest_framework\views.py", line 480, in raise_uncaught_exception
    raise exc
  File "D:\Work\BAIEL\venv\Lib\site-packages\rest_framework\views.py", line 506, in dispatch
    response = handler(request, *args, **kwargs)
               ^^^^^^^^^^^^^^^^^^^^^^^^^^^^^^^^^
  File "D:\Work\BAIEL\apps\finance\views.py", line 23, in get
    "today": get_finance_summary(today),
             ^^^^^^^^^^^^^^^^^^^^^^^^^^
  File "D:\Work\BAIEL\apps\finance\views.py", line 16, in get_finance_summary
    return Finance.objects.filter(date__gte=start_date).aggregate(
           ^^^^^^^^^^^^^^^^^^^^^^^^^^^^^^^^^^^^^^^^^^^^
  File "D:\Work\BAIEL\venv\Lib\site-packages\django\db\models\manager.py", line 87, in manager_method
    return getattr(self.get_queryset(), name)(*args, **kwargs)
           ^^^^^^^^^^^^^^^^^^^^^^^^^^^^^^^^^^^^^^^^^^^^^^^^^^^
  File "D:\Work\BAIEL\venv\Lib\site-packages\django\db\models\query.py", line 1476, in filter
    return self._filter_or_exclude(False, args, kwargs)
           ^^^^^^^^^^^^^^^^^^^^^^^^^^^^^^^^^^^^^^^^^^^^
  File "D:\Work\BAIEL\venv\Lib\site-packages\django\db\models\query.py", line 1494, in _filter_or_exclude
    clone._filter_or_exclude_inplace(negate, args, kwargs)
  File "D:\Work\BAIEL\venv\Lib\site-packages\django\db\models\query.py", line 1501, in _filter_or_exclude_inplace
    self._query.add_q(Q(*args, **kwargs))
  File "D:\Work\BAIEL\venv\Lib\site-packages\django\db\models\sql\query.py", line 1609, in add_q
    clause, _ = self._add_q(q_object, self.used_aliases)
                ^^^^^^^^^^^^^^^^^^^^^^^^^^^^^^^^^^^^^^^^
  File "D:\Work\BAIEL\venv\Lib\site-packages\django\db\models\sql\query.py", line 1641, in _add_q
    child_clause, needed_inner = self.build_filter(
                                 ^^^^^^^^^^^^^^^^^^
  File "D:\Work\BAIEL\venv\Lib\site-packages\django\db\models\sql\query.py", line 1491, in build_filter
    lookups, parts, reffed_expression = self.solve_lookup_type(arg, summarize)
                                        ^^^^^^^^^^^^^^^^^^^^^^^^^^^^^^^^^^^^^^
  File "D:\Work\BAIEL\venv\Lib\site-packages\django\db\models\sql\query.py", line 1303, in solve_lookup_type
    _, field, _, lookup_parts = self.names_to_path(lookup_splitted, self.get_meta())
                                ^^^^^^^^^^^^^^^^^^^^^^^^^^^^^^^^^^^^^^^^^^^^^^^^^^^^
  File "D:\Work\BAIEL\venv\Lib\site-packages\django\db\models\sql\query.py", line 1768, in names_to_path
    raise FieldError(
django.core.exceptions.FieldError: Cannot resolve keyword 'date' into field. Choices are: balance, bonus, created_at, debt, defect, expense, id, income, payment, store, store_id
[2025-03-19 03:40:54] ERROR "GET /api/finance/summary/ HTTP/1.1" 500 151224
[2025-03-19 03:42:02] INFO D:\Work\BAIEL\apps\finance\views.py changed, reloading.
[2025-03-19 03:42:03] INFO Watching for file changes with StatReloader
[2025-03-19 03:42:05] INFO "GET /api/finance/summary/ HTTP/1.1" 200 207
[2025-03-19 03:45:34] INFO "GET /api/finance/summary/?= HTTP/1.1" 200 207
[2025-03-19 03:45:37] INFO "GET /api/finance/summary/ HTTP/1.1" 200 207
[2025-03-19 03:45:53] INFO D:\Work\BAIEL\apps\finance\views.py changed, reloading.
[2025-03-19 03:45:54] INFO Watching for file changes with StatReloader
[2025-03-19 03:45:57] INFO "GET /api/stores/stores/2/ HTTP/1.1" 200 250
[2025-03-19 03:46:02] ERROR Internal Server Error: /api/finance/summary/
Traceback (most recent call last):
  File "D:\Work\BAIEL\venv\Lib\site-packages\django\core\handlers\exception.py", line 55, in inner
    response = get_response(request)
               ^^^^^^^^^^^^^^^^^^^^^
  File "D:\Work\BAIEL\venv\Lib\site-packages\django\core\handlers\base.py", line 197, in _get_response
    response = wrapped_callback(request, *callback_args, **callback_kwargs)
               ^^^^^^^^^^^^^^^^^^^^^^^^^^^^^^^^^^^^^^^^^^^^^^^^^^^^^^^^^^^^
  File "D:\Work\BAIEL\venv\Lib\site-packages\django\views\decorators\csrf.py", line 65, in _view_wrapper
    return view_func(request, *args, **kwargs)
           ^^^^^^^^^^^^^^^^^^^^^^^^^^^^^^^^^^^
  File "D:\Work\BAIEL\venv\Lib\site-packages\django\views\generic\base.py", line 104, in view
    return self.dispatch(request, *args, **kwargs)
           ^^^^^^^^^^^^^^^^^^^^^^^^^^^^^^^^^^^^^^^
  File "D:\Work\BAIEL\venv\Lib\site-packages\rest_framework\views.py", line 509, in dispatch
    response = self.handle_exception(exc)
               ^^^^^^^^^^^^^^^^^^^^^^^^^^
  File "D:\Work\BAIEL\venv\Lib\site-packages\rest_framework\views.py", line 469, in handle_exception
    self.raise_uncaught_exception(exc)
  File "D:\Work\BAIEL\venv\Lib\site-packages\rest_framework\views.py", line 480, in raise_uncaught_exception
    raise exc
  File "D:\Work\BAIEL\venv\Lib\site-packages\rest_framework\views.py", line 506, in dispatch
    response = handler(request, *args, **kwargs)
               ^^^^^^^^^^^^^^^^^^^^^^^^^^^^^^^^^
  File "D:\Work\BAIEL\apps\finance\views.py", line 34, in get
    "today": self.get_finance_summary(today),
             ^^^^^^^^^^^^^^^^^^^^^^^^^^^^^^^
  File "D:\Work\BAIEL\apps\finance\views.py", line 14, in get_finance_summary
    total_income=models.Sum("income"),
                 ^^^^^^
NameError: name 'models' is not defined
[2025-03-19 03:46:02] ERROR "GET /api/finance/summary/ HTTP/1.1" 500 106200
[2025-03-19 03:46:36] INFO D:\Work\BAIEL\apps\finance\models.py changed, reloading.
[2025-03-19 03:46:55] INFO Watching for file changes with StatReloader
[2025-03-19 03:46:59] ERROR Internal Server Error: /api/finance/summary/
Traceback (most recent call last):
  File "D:\Work\BAIEL\venv\Lib\site-packages\django\core\handlers\exception.py", line 55, in inner
    response = get_response(request)
               ^^^^^^^^^^^^^^^^^^^^^
  File "D:\Work\BAIEL\venv\Lib\site-packages\django\core\handlers\base.py", line 197, in _get_response
    response = wrapped_callback(request, *callback_args, **callback_kwargs)
               ^^^^^^^^^^^^^^^^^^^^^^^^^^^^^^^^^^^^^^^^^^^^^^^^^^^^^^^^^^^^
  File "D:\Work\BAIEL\venv\Lib\site-packages\django\views\decorators\csrf.py", line 65, in _view_wrapper
    return view_func(request, *args, **kwargs)
           ^^^^^^^^^^^^^^^^^^^^^^^^^^^^^^^^^^^
  File "D:\Work\BAIEL\venv\Lib\site-packages\django\views\generic\base.py", line 104, in view
    return self.dispatch(request, *args, **kwargs)
           ^^^^^^^^^^^^^^^^^^^^^^^^^^^^^^^^^^^^^^^
  File "D:\Work\BAIEL\venv\Lib\site-packages\rest_framework\views.py", line 509, in dispatch
    response = self.handle_exception(exc)
               ^^^^^^^^^^^^^^^^^^^^^^^^^^
  File "D:\Work\BAIEL\venv\Lib\site-packages\rest_framework\views.py", line 469, in handle_exception
    self.raise_uncaught_exception(exc)
  File "D:\Work\BAIEL\venv\Lib\site-packages\rest_framework\views.py", line 480, in raise_uncaught_exception
    raise exc
  File "D:\Work\BAIEL\venv\Lib\site-packages\rest_framework\views.py", line 506, in dispatch
    response = handler(request, *args, **kwargs)
               ^^^^^^^^^^^^^^^^^^^^^^^^^^^^^^^^^
  File "D:\Work\BAIEL\apps\finance\views.py", line 34, in get
    "today": self.get_finance_summary(today),
             ^^^^^^^^^^^^^^^^^^^^^^^^^^^^^^^
  File "D:\Work\BAIEL\apps\finance\views.py", line 14, in get_finance_summary
    total_income=models.Sum("income"),
                 ^^^^^^
NameError: name 'models' is not defined
[2025-03-19 03:46:59] ERROR "GET /api/finance/summary/ HTTP/1.1" 500 106200
[2025-03-19 03:48:24] INFO D:\Work\BAIEL\apps\finance\views.py changed, reloading.
[2025-03-19 03:48:25] INFO Watching for file changes with StatReloader
[2025-03-19 03:48:26] INFO "GET /api/finance/summary/ HTTP/1.1" 200 198
[2025-03-19 03:48:43] INFO "GET /api/stores/stores/2/ HTTP/1.1" 200 250
[2025-03-19 03:48:44] INFO "GET /api/stores/stores/2/ HTTP/1.1" 200 250
[2025-03-19 03:48:47] WARNING Method Not Allowed: /api/stores/stores/2/
[2025-03-19 03:48:47] WARNING "POST /api/stores/stores/2/ HTTP/1.1" 405 55
[2025-03-19 03:49:40] WARNING Method Not Allowed: /api/stores/stores/1/
[2025-03-19 03:49:40] WARNING "POST /api/stores/stores/1/ HTTP/1.1" 405 55
[2025-03-19 03:49:43] WARNING Bad Request: /api/stores/stores/1/
[2025-03-19 03:49:43] WARNING "PATCH /api/stores/stores/1/ HTTP/1.1" 400 107
[2025-03-19 03:49:49] WARNING Not Found: /api/finance/ы
[2025-03-19 03:49:49] WARNING "GET /api/finance/%D1%8B HTTP/1.1" 404 4373
[2025-03-19 03:49:55] INFO "GET /admin/stores/store/1/change/ HTTP/1.1" 200 22044
[2025-03-19 03:49:55] INFO "GET /static/admin/css/base.css HTTP/1.1" 304 0
[2025-03-19 03:49:55] INFO "GET /static/admin/css/dark_mode.css HTTP/1.1" 304 0
[2025-03-19 03:49:55] INFO "GET /static/admin/js/theme.js HTTP/1.1" 304 0
[2025-03-19 03:49:55] INFO "GET /static/admin/css/nav_sidebar.css HTTP/1.1" 304 0
[2025-03-19 03:49:55] INFO "GET /static/admin/css/forms.css HTTP/1.1" 304 0
[2025-03-19 03:49:55] INFO "GET /static/admin/css/responsive.css HTTP/1.1" 304 0
[2025-03-19 03:49:55] INFO "GET /static/admin/js/vendor/jquery/jquery.js HTTP/1.1" 304 0
[2025-03-19 03:49:55] INFO "GET /static/admin/js/jquery.init.js HTTP/1.1" 304 0
[2025-03-19 03:49:55] INFO "GET /static/admin/js/admin/RelatedObjectLookups.js HTTP/1.1" 304 0
[2025-03-19 03:49:55] INFO "GET /static/admin/js/core.js HTTP/1.1" 304 0
[2025-03-19 03:49:55] INFO "GET /static/admin/js/actions.js HTTP/1.1" 304 0
[2025-03-19 03:49:55] INFO "GET /static/admin/js/urlify.js HTTP/1.1" 304 0
[2025-03-19 03:49:55] INFO "GET /static/admin/js/prepopulate.js HTTP/1.1" 304 0
[2025-03-19 03:49:55] INFO "GET /static/admin/js/vendor/xregexp/xregexp.js HTTP/1.1" 304 0
[2025-03-19 03:49:55] INFO "GET /static/admin/js/prepopulate_init.js HTTP/1.1" 304 0
[2025-03-19 03:49:55] INFO "GET /static/admin/css/widgets.css HTTP/1.1" 304 0
[2025-03-19 03:49:55] INFO "GET /static/admin/js/nav_sidebar.js HTTP/1.1" 304 0
[2025-03-19 03:49:55] INFO "GET /admin/jsi18n/ HTTP/1.1" 200 17546
[2025-03-19 03:49:55] INFO "GET /static/admin/img/icon-changelink.svg HTTP/1.1" 304 0
[2025-03-19 03:49:55] INFO "GET /static/admin/img/icon-addlink.svg HTTP/1.1" 304 0
[2025-03-19 03:49:55] INFO "GET /static/admin/img/icon-viewlink.svg HTTP/1.1" 304 0
[2025-03-19 03:49:55] INFO "GET /static/admin/js/change_form.js HTTP/1.1" 304 0
[2025-03-19 03:49:58] INFO 💰 Магазин DADAD внес 0.00 KGS. Долг был 0.00, стал 0.00.
[2025-03-19 03:49:58] INFO "POST /admin/stores/store/1/change/ HTTP/1.1" 302 0
[2025-03-19 03:49:58] INFO "GET /admin/stores/store/ HTTP/1.1" 200 23224
[2025-03-19 03:49:58] INFO "GET /static/admin/css/changelists.css HTTP/1.1" 304 0
[2025-03-19 03:49:58] INFO "GET /static/admin/img/search.svg HTTP/1.1" 304 0
[2025-03-19 03:49:58] INFO "GET /static/admin/js/filters.js HTTP/1.1" 304 0
[2025-03-19 03:49:58] INFO "GET /admin/jsi18n/ HTTP/1.1" 200 17546
[2025-03-19 03:49:58] INFO "GET /static/admin/img/icon-yes.svg HTTP/1.1" 304 0
[2025-03-19 03:49:58] INFO "GET /static/admin/img/sorting-icons.svg HTTP/1.1" 304 0
[2025-03-19 03:49:58] INFO "GET /static/admin/img/tooltag-add.svg HTTP/1.1" 304 0
[2025-03-19 03:50:01] WARNING Bad Request: /api/stores/stores/1/
[2025-03-19 03:50:01] WARNING "PATCH /api/stores/stores/1/ HTTP/1.1" 400 107
[2025-03-19 03:50:06] WARNING Bad Request: /api/stores/stores/1/
[2025-03-19 03:50:06] WARNING "PATCH /api/stores/stores/1/ HTTP/1.1" 400 107
[2025-03-19 03:50:09] INFO "GET /api/stores/stores/1/ HTTP/1.1" 200 222
[2025-03-19 03:50:12] INFO "GET /api/stores/stores/1/ HTTP/1.1" 200 222
[2025-03-19 03:50:15] INFO "GET /admin/stores/store/ HTTP/1.1" 200 23001
[2025-03-19 03:50:15] INFO "GET /admin/jsi18n/ HTTP/1.1" 200 17546
[2025-03-19 03:50:20] ERROR Internal Server Error: /admin/stores/store/
Traceback (most recent call last):
  File "D:\Work\BAIEL\venv\Lib\site-packages\django\core\handlers\exception.py", line 55, in inner
    response = get_response(request)
               ^^^^^^^^^^^^^^^^^^^^^
  File "D:\Work\BAIEL\venv\Lib\site-packages\django\core\handlers\base.py", line 197, in _get_response
    response = wrapped_callback(request, *callback_args, **callback_kwargs)
               ^^^^^^^^^^^^^^^^^^^^^^^^^^^^^^^^^^^^^^^^^^^^^^^^^^^^^^^^^^^^
  File "D:\Work\BAIEL\venv\Lib\site-packages\django\contrib\admin\options.py", line 718, in wrapper
    return self.admin_site.admin_view(view)(*args, **kwargs)
           ^^^^^^^^^^^^^^^^^^^^^^^^^^^^^^^^^^^^^^^^^^^^^^^^^
  File "D:\Work\BAIEL\venv\Lib\site-packages\django\utils\decorators.py", line 188, in _view_wrapper
    result = _process_exception(request, e)
             ^^^^^^^^^^^^^^^^^^^^^^^^^^^^^^
  File "D:\Work\BAIEL\venv\Lib\site-packages\django\utils\decorators.py", line 186, in _view_wrapper
    response = view_func(request, *args, **kwargs)
               ^^^^^^^^^^^^^^^^^^^^^^^^^^^^^^^^^^^
  File "D:\Work\BAIEL\venv\Lib\site-packages\django\views\decorators\cache.py", line 80, in _view_wrapper
    response = view_func(request, *args, **kwargs)
               ^^^^^^^^^^^^^^^^^^^^^^^^^^^^^^^^^^^
  File "D:\Work\BAIEL\venv\Lib\site-packages\django\contrib\admin\sites.py", line 241, in inner
    return view(request, *args, **kwargs)
           ^^^^^^^^^^^^^^^^^^^^^^^^^^^^^^
  File "D:\Work\BAIEL\venv\Lib\site-packages\django\utils\decorators.py", line 48, in _wrapper
    return bound_method(*args, **kwargs)
           ^^^^^^^^^^^^^^^^^^^^^^^^^^^^^
  File "D:\Work\BAIEL\venv\Lib\site-packages\django\utils\decorators.py", line 188, in _view_wrapper
    result = _process_exception(request, e)
             ^^^^^^^^^^^^^^^^^^^^^^^^^^^^^^
  File "D:\Work\BAIEL\venv\Lib\site-packages\django\utils\decorators.py", line 186, in _view_wrapper
    response = view_func(request, *args, **kwargs)
               ^^^^^^^^^^^^^^^^^^^^^^^^^^^^^^^^^^^
  File "D:\Work\BAIEL\venv\Lib\site-packages\django\contrib\admin\options.py", line 2092, in changelist_view
    self.save_model(request, obj, form, change=True)
  File "D:\Work\BAIEL\venv\Lib\site-packages\django\contrib\admin\options.py", line 1292, in save_model
    obj.save()
  File "D:\Work\BAIEL\apps\stores\models.py", line 49, in save
    raise ValidationError("Ошибка: Долг уже был погашен. Если хотите взять новый долг, увеличьте 'debt'.")
django.core.exceptions.ValidationError: ["Ошибка: Долг уже был погашен. Если хотите взять новый долг, увеличьте 'debt'."]
[2025-03-19 03:50:20] ERROR "POST /admin/stores/store/ HTTP/1.1" 500 134561
[2025-03-19 03:50:22] INFO "GET /admin/stores/store/ HTTP/1.1" 200 23001
[2025-03-19 03:50:24] INFO "GET /admin/stores/store/1/change/ HTTP/1.1" 200 22044
[2025-03-19 03:50:24] INFO "GET /admin/jsi18n/ HTTP/1.1" 200 17546
[2025-03-19 03:50:27] INFO 💰 Магазин DADAD внес 0.00 KGS. Долг был 0.00, стал 0.00.
[2025-03-19 03:50:27] INFO "POST /admin/stores/store/1/change/ HTTP/1.1" 302 0
[2025-03-19 03:50:27] INFO "GET /admin/stores/store/ HTTP/1.1" 200 23224
[2025-03-19 03:50:27] INFO "GET /admin/jsi18n/ HTTP/1.1" 200 17546
[2025-03-19 03:50:36] ERROR Internal Server Error: /admin/stores/store/
Traceback (most recent call last):
  File "D:\Work\BAIEL\venv\Lib\site-packages\django\core\handlers\exception.py", line 55, in inner
    response = get_response(request)
               ^^^^^^^^^^^^^^^^^^^^^
  File "D:\Work\BAIEL\venv\Lib\site-packages\django\core\handlers\base.py", line 197, in _get_response
    response = wrapped_callback(request, *callback_args, **callback_kwargs)
               ^^^^^^^^^^^^^^^^^^^^^^^^^^^^^^^^^^^^^^^^^^^^^^^^^^^^^^^^^^^^
  File "D:\Work\BAIEL\venv\Lib\site-packages\django\contrib\admin\options.py", line 718, in wrapper
    return self.admin_site.admin_view(view)(*args, **kwargs)
           ^^^^^^^^^^^^^^^^^^^^^^^^^^^^^^^^^^^^^^^^^^^^^^^^^
  File "D:\Work\BAIEL\venv\Lib\site-packages\django\utils\decorators.py", line 188, in _view_wrapper
    result = _process_exception(request, e)
             ^^^^^^^^^^^^^^^^^^^^^^^^^^^^^^
  File "D:\Work\BAIEL\venv\Lib\site-packages\django\utils\decorators.py", line 186, in _view_wrapper
    response = view_func(request, *args, **kwargs)
               ^^^^^^^^^^^^^^^^^^^^^^^^^^^^^^^^^^^
  File "D:\Work\BAIEL\venv\Lib\site-packages\django\views\decorators\cache.py", line 80, in _view_wrapper
    response = view_func(request, *args, **kwargs)
               ^^^^^^^^^^^^^^^^^^^^^^^^^^^^^^^^^^^
  File "D:\Work\BAIEL\venv\Lib\site-packages\django\contrib\admin\sites.py", line 241, in inner
    return view(request, *args, **kwargs)
           ^^^^^^^^^^^^^^^^^^^^^^^^^^^^^^
  File "D:\Work\BAIEL\venv\Lib\site-packages\django\utils\decorators.py", line 48, in _wrapper
    return bound_method(*args, **kwargs)
           ^^^^^^^^^^^^^^^^^^^^^^^^^^^^^
  File "D:\Work\BAIEL\venv\Lib\site-packages\django\utils\decorators.py", line 188, in _view_wrapper
    result = _process_exception(request, e)
             ^^^^^^^^^^^^^^^^^^^^^^^^^^^^^^
  File "D:\Work\BAIEL\venv\Lib\site-packages\django\utils\decorators.py", line 186, in _view_wrapper
    response = view_func(request, *args, **kwargs)
               ^^^^^^^^^^^^^^^^^^^^^^^^^^^^^^^^^^^
  File "D:\Work\BAIEL\venv\Lib\site-packages\django\contrib\admin\options.py", line 2092, in changelist_view
    self.save_model(request, obj, form, change=True)
  File "D:\Work\BAIEL\venv\Lib\site-packages\django\contrib\admin\options.py", line 1292, in save_model
    obj.save()
  File "D:\Work\BAIEL\apps\stores\models.py", line 49, in save
    raise ValidationError("Ошибка: Долг уже был погашен. Если хотите взять новый долг, увеличьте 'debt'.")
django.core.exceptions.ValidationError: ["Ошибка: Долг уже был погашен. Если хотите взять новый долг, увеличьте 'debt'."]
[2025-03-19 03:50:36] ERROR "POST /admin/stores/store/ HTTP/1.1" 500 134561
[2025-03-19 03:50:43] INFO "GET /admin/stores/store/ HTTP/1.1" 200 23001
[2025-03-19 03:50:49] ERROR Internal Server Error: /admin/stores/store/
Traceback (most recent call last):
  File "D:\Work\BAIEL\venv\Lib\site-packages\django\core\handlers\exception.py", line 55, in inner
    response = get_response(request)
               ^^^^^^^^^^^^^^^^^^^^^
  File "D:\Work\BAIEL\venv\Lib\site-packages\django\core\handlers\base.py", line 197, in _get_response
    response = wrapped_callback(request, *callback_args, **callback_kwargs)
               ^^^^^^^^^^^^^^^^^^^^^^^^^^^^^^^^^^^^^^^^^^^^^^^^^^^^^^^^^^^^
  File "D:\Work\BAIEL\venv\Lib\site-packages\django\contrib\admin\options.py", line 718, in wrapper
    return self.admin_site.admin_view(view)(*args, **kwargs)
           ^^^^^^^^^^^^^^^^^^^^^^^^^^^^^^^^^^^^^^^^^^^^^^^^^
  File "D:\Work\BAIEL\venv\Lib\site-packages\django\utils\decorators.py", line 188, in _view_wrapper
    result = _process_exception(request, e)
             ^^^^^^^^^^^^^^^^^^^^^^^^^^^^^^
  File "D:\Work\BAIEL\venv\Lib\site-packages\django\utils\decorators.py", line 186, in _view_wrapper
    response = view_func(request, *args, **kwargs)
               ^^^^^^^^^^^^^^^^^^^^^^^^^^^^^^^^^^^
  File "D:\Work\BAIEL\venv\Lib\site-packages\django\views\decorators\cache.py", line 80, in _view_wrapper
    response = view_func(request, *args, **kwargs)
               ^^^^^^^^^^^^^^^^^^^^^^^^^^^^^^^^^^^
  File "D:\Work\BAIEL\venv\Lib\site-packages\django\contrib\admin\sites.py", line 241, in inner
    return view(request, *args, **kwargs)
           ^^^^^^^^^^^^^^^^^^^^^^^^^^^^^^
  File "D:\Work\BAIEL\venv\Lib\site-packages\django\utils\decorators.py", line 48, in _wrapper
    return bound_method(*args, **kwargs)
           ^^^^^^^^^^^^^^^^^^^^^^^^^^^^^
  File "D:\Work\BAIEL\venv\Lib\site-packages\django\utils\decorators.py", line 188, in _view_wrapper
    result = _process_exception(request, e)
             ^^^^^^^^^^^^^^^^^^^^^^^^^^^^^^
  File "D:\Work\BAIEL\venv\Lib\site-packages\django\utils\decorators.py", line 186, in _view_wrapper
    response = view_func(request, *args, **kwargs)
               ^^^^^^^^^^^^^^^^^^^^^^^^^^^^^^^^^^^
  File "D:\Work\BAIEL\venv\Lib\site-packages\django\contrib\admin\options.py", line 2092, in changelist_view
    self.save_model(request, obj, form, change=True)
  File "D:\Work\BAIEL\venv\Lib\site-packages\django\contrib\admin\options.py", line 1292, in save_model
    obj.save()
  File "D:\Work\BAIEL\apps\stores\models.py", line 49, in save
    raise ValidationError("Ошибка: Долг уже был погашен. Если хотите взять новый долг, увеличьте 'debt'.")
django.core.exceptions.ValidationError: ["Ошибка: Долг уже был погашен. Если хотите взять новый долг, увеличьте 'debt'."]
[2025-03-19 03:50:49] ERROR "POST /admin/stores/store/ HTTP/1.1" 500 134560
[2025-03-19 03:51:07] INFO "GET /api/stores/stores/1/ HTTP/1.1" 200 222
[2025-03-19 03:51:12] INFO "GET /api/stores/stores/1/ HTTP/1.1" 200 222
[2025-03-19 03:51:18] WARNING Bad Request: /api/stores/stores/1/
[2025-03-19 03:51:18] WARNING "PATCH /api/stores/stores/1/ HTTP/1.1" 400 107
[2025-03-19 03:53:10] INFO D:\Work\BAIEL\apps\stores\models.py changed, reloading.
[2025-03-19 03:53:11] INFO Watching for file changes with StatReloader
[2025-03-19 03:53:16] INFO D:\Work\BAIEL\apps\stores\models.py changed, reloading.
[2025-03-19 03:53:17] INFO Watching for file changes with StatReloader
[2025-03-19 03:53:21] INFO 💰 Магазин DADAD внес 0.00 KGS. Долг был 0.00, стал 0.00.
[2025-03-19 03:53:21] INFO "PATCH /api/stores/stores/1/ HTTP/1.1" 200 222
[2025-03-19 03:53:23] INFO 💰 Магазин DADAD внес 0.00 KGS. Долг был 0.00, стал 0.00.
[2025-03-19 03:53:23] INFO "PATCH /api/stores/stores/1/ HTTP/1.1" 200 222
[2025-03-19 03:53:29] INFO 💰 Магазин DADAD внес 0.00 KGS. Долг был 0.00, стал 0.00.
[2025-03-19 03:53:29] INFO "PUT /api/stores/stores/1/ HTTP/1.1" 200 222
[2025-03-19 03:53:31] INFO 💰 Магазин DADAD внес 0.00 KGS. Долг был 0.00, стал 0.00.
[2025-03-19 03:53:31] INFO "PUT /api/stores/stores/1/ HTTP/1.1" 200 222
[2025-03-19 03:53:31] INFO 💰 Магазин DADAD внес 0.00 KGS. Долг был 0.00, стал 0.00.
[2025-03-19 03:53:31] INFO "PUT /api/stores/stores/1/ HTTP/1.1" 200 222
[2025-03-19 03:53:32] INFO 💰 Магазин DADAD внес 0.00 KGS. Долг был 0.00, стал 0.00.
[2025-03-19 03:53:32] INFO "PUT /api/stores/stores/1/ HTTP/1.1" 200 222
[2025-03-19 03:53:33] INFO 💰 Магазин DADAD внес 0.00 KGS. Долг был 0.00, стал 0.00.
[2025-03-19 03:53:33] INFO "PUT /api/stores/stores/1/ HTTP/1.1" 200 222
[2025-03-19 03:53:34] INFO 💰 Магазин DADAD внес 0.00 KGS. Долг был 0.00, стал 0.00.
[2025-03-19 03:53:34] INFO "PUT /api/stores/stores/1/ HTTP/1.1" 200 222
[2025-03-19 03:53:41] INFO D:\Work\BAIEL\apps\stores\models.py changed, reloading.
[2025-03-19 03:53:42] INFO Watching for file changes with StatReloader
[2025-03-19 03:53:57] INFO D:\Work\BAIEL\apps\stores\models.py changed, reloading.
[2025-03-19 03:53:58] INFO Watching for file changes with StatReloader
[2025-03-19 03:54:04] INFO D:\Work\BAIEL\apps\stores\models.py changed, reloading.
[2025-03-19 03:54:05] INFO Watching for file changes with StatReloader
[2025-03-19 03:54:12] ERROR Internal Server Error: /admin/stores/store/
Traceback (most recent call last):
  File "D:\Work\BAIEL\venv\Lib\site-packages\django\core\handlers\exception.py", line 55, in inner
    response = get_response(request)
               ^^^^^^^^^^^^^^^^^^^^^
  File "D:\Work\BAIEL\venv\Lib\site-packages\django\core\handlers\base.py", line 197, in _get_response
    response = wrapped_callback(request, *callback_args, **callback_kwargs)
               ^^^^^^^^^^^^^^^^^^^^^^^^^^^^^^^^^^^^^^^^^^^^^^^^^^^^^^^^^^^^
  File "D:\Work\BAIEL\venv\Lib\site-packages\django\contrib\admin\options.py", line 718, in wrapper
    return self.admin_site.admin_view(view)(*args, **kwargs)
           ^^^^^^^^^^^^^^^^^^^^^^^^^^^^^^^^^^^^^^^^^^^^^^^^^
  File "D:\Work\BAIEL\venv\Lib\site-packages\django\utils\decorators.py", line 188, in _view_wrapper
    result = _process_exception(request, e)
             ^^^^^^^^^^^^^^^^^^^^^^^^^^^^^^
  File "D:\Work\BAIEL\venv\Lib\site-packages\django\utils\decorators.py", line 186, in _view_wrapper
    response = view_func(request, *args, **kwargs)
               ^^^^^^^^^^^^^^^^^^^^^^^^^^^^^^^^^^^
  File "D:\Work\BAIEL\venv\Lib\site-packages\django\views\decorators\cache.py", line 80, in _view_wrapper
    response = view_func(request, *args, **kwargs)
               ^^^^^^^^^^^^^^^^^^^^^^^^^^^^^^^^^^^
  File "D:\Work\BAIEL\venv\Lib\site-packages\django\contrib\admin\sites.py", line 241, in inner
    return view(request, *args, **kwargs)
           ^^^^^^^^^^^^^^^^^^^^^^^^^^^^^^
  File "D:\Work\BAIEL\venv\Lib\site-packages\django\utils\decorators.py", line 48, in _wrapper
    return bound_method(*args, **kwargs)
           ^^^^^^^^^^^^^^^^^^^^^^^^^^^^^
  File "D:\Work\BAIEL\venv\Lib\site-packages\django\utils\decorators.py", line 188, in _view_wrapper
    result = _process_exception(request, e)
             ^^^^^^^^^^^^^^^^^^^^^^^^^^^^^^
  File "D:\Work\BAIEL\venv\Lib\site-packages\django\utils\decorators.py", line 186, in _view_wrapper
    response = view_func(request, *args, **kwargs)
               ^^^^^^^^^^^^^^^^^^^^^^^^^^^^^^^^^^^
  File "D:\Work\BAIEL\venv\Lib\site-packages\django\contrib\admin\options.py", line 2092, in changelist_view
    self.save_model(request, obj, form, change=True)
  File "D:\Work\BAIEL\venv\Lib\site-packages\django\contrib\admin\options.py", line 1292, in save_model
    obj.save()
  File "D:\Work\BAIEL\apps\stores\models.py", line 47, in save
    raise ValidationError(f"Ошибка: Платеж больше долга! Долг: {old_store.debt}, платеж: {self.payment}")
django.core.exceptions.ValidationError: ['Ошибка: Платеж больше долга! Долг: 0.00, платеж: 1.00']
[2025-03-19 03:54:12] ERROR "POST /admin/stores/store/ HTTP/1.1" 500 134168
[2025-03-19 03:54:16] INFO "GET /admin/stores/store/ HTTP/1.1" 200 23001
[2025-03-19 03:54:22] INFO "GET /admin/stores/store/1/change/ HTTP/1.1" 200 22044
[2025-03-19 03:54:22] INFO "GET /admin/jsi18n/ HTTP/1.1" 200 17546
[2025-03-19 03:54:25] INFO 📌 Магазин DADAD взял новый долг: 500 KGS.
[2025-03-19 03:54:25] INFO "POST /admin/stores/store/1/change/ HTTP/1.1" 302 0
[2025-03-19 03:54:26] INFO "GET /admin/stores/store/ HTTP/1.1" 200 23226
[2025-03-19 03:54:26] INFO "GET /admin/jsi18n/ HTTP/1.1" 200 17546
[2025-03-19 03:54:33] INFO "GET /api/finance/summary/ HTTP/1.1" 200 198
[2025-03-19 03:54:35] INFO "GET /api/finance/summary/ HTTP/1.1" 200 198
[2025-03-19 03:54:41] INFO 💰 Магазин DADAD внес 0.00 KGS. Долг был 500.00, стал 500.00.
[2025-03-19 03:54:41] INFO "PUT /api/stores/stores/1/ HTTP/1.1" 200 224
[2025-03-19 03:54:42] INFO 💰 Магазин DADAD внес 0.00 KGS. Долг был 500.00, стал 500.00.
[2025-03-19 03:54:42] INFO "PUT /api/stores/stores/1/ HTTP/1.1" 200 224
[2025-03-19 03:54:46] INFO 💰 Магазин DADAD внес 0.00 KGS. Долг был 500.00, стал 500.00.
[2025-03-19 03:54:46] INFO "PATCH /api/stores/stores/1/ HTTP/1.1" 200 224
[2025-03-19 03:54:49] INFO 💰 Магазин DADAD внес 1.00 KGS. Долг был 500.00, стал 499.00.
[2025-03-19 03:54:49] INFO "PATCH /api/stores/stores/1/ HTTP/1.1" 200 224
[2025-03-19 03:54:51] INFO 💰 Магазин DADAD внес 2.00 KGS. Долг был 499.00, стал 497.00.
[2025-03-19 03:54:51] INFO "PATCH /api/stores/stores/1/ HTTP/1.1" 200 224
[2025-03-19 03:54:52] INFO 💰 Магазин DADAD внес 3.00 KGS. Долг был 497.00, стал 494.00.
[2025-03-19 03:54:52] INFO "PATCH /api/stores/stores/1/ HTTP/1.1" 200 224
[2025-03-19 03:56:55] INFO D:\Work\BAIEL\apps\stores\models.py changed, reloading.
[2025-03-19 03:56:56] INFO Watching for file changes with StatReloader
[2025-03-19 03:56:59] INFO 💰 Магазин DADAD внес 2.00 KGS. Долг был 494.00, стал 492.00.
[2025-03-19 03:56:59] INFO "PATCH /api/stores/stores/1/ HTTP/1.1" 200 224
[2025-03-19 03:57:00] INFO 💰 Магазин DADAD внес 2.00 KGS. Долг был 492.00, стал 490.00.
[2025-03-19 03:57:00] INFO "PATCH /api/stores/stores/1/ HTTP/1.1" 200 224
[2025-03-19 03:57:09] INFO 💰 Магазин DADAD внес 2.00 KGS. Долг был 490.00, стал 488.00.
[2025-03-19 03:57:09] INFO "PATCH /api/stores/stores/1/ HTTP/1.1" 200 224
[2025-03-19 03:57:11] INFO 💰 Магазин DADAD внес 2.00 KGS. Долг был 488.00, стал 486.00.
[2025-03-19 03:57:11] INFO "PATCH /api/stores/stores/1/ HTTP/1.1" 200 225
[2025-03-19 03:57:13] INFO 💰 Магазин DADAD внес 2.00 KGS. Долг был 486.00, стал 484.00.
[2025-03-19 03:57:13] INFO "PATCH /api/stores/stores/1/ HTTP/1.1" 200 225
[2025-03-19 03:57:14] INFO 💰 Магазин DADAD внес 2.00 KGS. Долг был 484.00, стал 482.00.
[2025-03-19 03:57:14] INFO "PATCH /api/stores/stores/1/ HTTP/1.1" 200 225
[2025-03-19 03:57:16] INFO 💰 Магазин DADAD внес 2.00 KGS. Долг был 482.00, стал 480.00.
[2025-03-19 03:57:16] INFO "PATCH /api/stores/stores/1/ HTTP/1.1" 200 225
[2025-03-19 03:57:19] INFO 💰 Магазин DADAD внес 100.00 KGS. Долг был 480.00, стал 380.00.
[2025-03-19 03:57:19] INFO "PATCH /api/stores/stores/1/ HTTP/1.1" 200 226
[2025-03-19 03:57:20] INFO 💰 Магазин DADAD внес 100.00 KGS. Долг был 380.00, стал 280.00.
[2025-03-19 03:57:20] INFO "PATCH /api/stores/stores/1/ HTTP/1.1" 200 226
[2025-03-19 03:57:21] INFO 💰 Магазин DADAD внес 100.00 KGS. Долг был 280.00, стал 180.00.
[2025-03-19 03:57:21] INFO "PATCH /api/stores/stores/1/ HTTP/1.1" 200 226
[2025-03-19 03:57:22] INFO 💰 Магазин DADAD внес 100.00 KGS. Долг был 180.00, стал 80.00.
[2025-03-19 03:57:22] INFO "PATCH /api/stores/stores/1/ HTTP/1.1" 200 225
[2025-03-19 03:57:23] WARNING Bad Request: /api/stores/stores/1/
[2025-03-19 03:57:23] WARNING "PATCH /api/stores/stores/1/ HTTP/1.1" 400 99
[2025-03-19 03:57:28] INFO 💰 Магазин DADAD внес 80.00 KGS. Долг был 80.00, стал 0.00.
[2025-03-19 03:57:28] INFO ✅ Магазин DADAD полностью погасил долг.
[2025-03-19 03:57:28] INFO "PATCH /api/stores/stores/1/ HTTP/1.1" 200 224
[2025-03-19 03:57:29] WARNING Bad Request: /api/stores/stores/1/
[2025-03-19 03:57:29] WARNING "PATCH /api/stores/stores/1/ HTTP/1.1" 400 107
[2025-03-19 03:57:34] INFO "GET /admin/stores/store/ HTTP/1.1" 200 22994
[2025-03-19 03:57:34] INFO "GET /admin/jsi18n/ HTTP/1.1" 200 17546
[2025-03-19 03:57:38] INFO "GET /admin/stores/store/1/change/ HTTP/1.1" 200 22037
[2025-03-19 03:57:38] INFO "GET /admin/jsi18n/ HTTP/1.1" 200 17546
[2025-03-19 03:57:40] INFO "POST /admin/stores/store/1/change/ HTTP/1.1" 302 0
[2025-03-19 03:57:41] INFO "GET /admin/stores/store/ HTTP/1.1" 200 23224
[2025-03-19 03:57:41] INFO "GET /admin/jsi18n/ HTTP/1.1" 200 17546
[2025-03-19 03:57:43] INFO "GET /admin/stores/store/1/change/ HTTP/1.1" 200 22044
[2025-03-19 03:57:44] INFO "GET /admin/jsi18n/ HTTP/1.1" 200 17546
[2025-03-19 03:57:49] ERROR Internal Server Error: /admin/stores/store/1/change/
Traceback (most recent call last):
  File "D:\Work\BAIEL\venv\Lib\site-packages\django\core\handlers\exception.py", line 55, in inner
    response = get_response(request)
               ^^^^^^^^^^^^^^^^^^^^^
  File "D:\Work\BAIEL\venv\Lib\site-packages\django\core\handlers\base.py", line 197, in _get_response
    response = wrapped_callback(request, *callback_args, **callback_kwargs)
               ^^^^^^^^^^^^^^^^^^^^^^^^^^^^^^^^^^^^^^^^^^^^^^^^^^^^^^^^^^^^
  File "D:\Work\BAIEL\venv\Lib\site-packages\django\contrib\admin\options.py", line 718, in wrapper
    return self.admin_site.admin_view(view)(*args, **kwargs)
           ^^^^^^^^^^^^^^^^^^^^^^^^^^^^^^^^^^^^^^^^^^^^^^^^^
  File "D:\Work\BAIEL\venv\Lib\site-packages\django\utils\decorators.py", line 188, in _view_wrapper
    result = _process_exception(request, e)
             ^^^^^^^^^^^^^^^^^^^^^^^^^^^^^^
  File "D:\Work\BAIEL\venv\Lib\site-packages\django\utils\decorators.py", line 186, in _view_wrapper
    response = view_func(request, *args, **kwargs)
               ^^^^^^^^^^^^^^^^^^^^^^^^^^^^^^^^^^^
  File "D:\Work\BAIEL\venv\Lib\site-packages\django\views\decorators\cache.py", line 80, in _view_wrapper
    response = view_func(request, *args, **kwargs)
               ^^^^^^^^^^^^^^^^^^^^^^^^^^^^^^^^^^^
  File "D:\Work\BAIEL\venv\Lib\site-packages\django\contrib\admin\sites.py", line 241, in inner
    return view(request, *args, **kwargs)
           ^^^^^^^^^^^^^^^^^^^^^^^^^^^^^^
  File "D:\Work\BAIEL\venv\Lib\site-packages\django\contrib\admin\options.py", line 1962, in change_view
    return self.changeform_view(request, object_id, form_url, extra_context)
           ^^^^^^^^^^^^^^^^^^^^^^^^^^^^^^^^^^^^^^^^^^^^^^^^^^^^^^^^^^^^^^^^^
  File "D:\Work\BAIEL\venv\Lib\site-packages\django\utils\decorators.py", line 48, in _wrapper
    return bound_method(*args, **kwargs)
           ^^^^^^^^^^^^^^^^^^^^^^^^^^^^^
  File "D:\Work\BAIEL\venv\Lib\site-packages\django\utils\decorators.py", line 188, in _view_wrapper
    result = _process_exception(request, e)
             ^^^^^^^^^^^^^^^^^^^^^^^^^^^^^^
  File "D:\Work\BAIEL\venv\Lib\site-packages\django\utils\decorators.py", line 186, in _view_wrapper
    response = view_func(request, *args, **kwargs)
               ^^^^^^^^^^^^^^^^^^^^^^^^^^^^^^^^^^^
  File "D:\Work\BAIEL\venv\Lib\site-packages\django\contrib\admin\options.py", line 1818, in changeform_view
    return self._changeform_view(request, object_id, form_url, extra_context)
           ^^^^^^^^^^^^^^^^^^^^^^^^^^^^^^^^^^^^^^^^^^^^^^^^^^^^^^^^^^^^^^^^^^
  File "D:\Work\BAIEL\venv\Lib\site-packages\django\contrib\admin\options.py", line 1869, in _changeform_view
    self.save_model(request, new_object, form, not add)
  File "D:\Work\BAIEL\venv\Lib\site-packages\django\contrib\admin\options.py", line 1292, in save_model
    obj.save()
  File "D:\Work\BAIEL\apps\stores\models.py", line 42, in save
    raise ValidationError(f"Ошибка: Платеж {new_payment} больше долга {old_store.debt}!")
django.core.exceptions.ValidationError: ['Ошибка: Платеж 100.00 больше долга 0.00!']
[2025-03-19 03:57:49] ERROR "POST /admin/stores/store/1/change/ HTTP/1.1" 500 141801
[2025-03-19 03:57:52] INFO "GET /admin/stores/store/1/change/ HTTP/1.1" 200 22044
[2025-03-19 03:57:55] INFO "POST /admin/stores/store/1/change/ HTTP/1.1" 302 0
[2025-03-19 03:57:55] INFO "GET /admin/stores/store/ HTTP/1.1" 200 23227
[2025-03-19 03:57:55] INFO "GET /admin/jsi18n/ HTTP/1.1" 200 17546
[2025-03-19 03:57:59] INFO 💰 Магазин DADAD внес 100.00 KGS. Долг был 1000.00, стал 900.00.
[2025-03-19 03:57:59] INFO "POST /admin/stores/store/ HTTP/1.1" 302 0
[2025-03-19 03:58:00] INFO "GET /admin/stores/store/ HTTP/1.1" 200 23180
[2025-03-19 03:58:00] INFO "GET /admin/jsi18n/ HTTP/1.1" 200 17546
[2025-03-19 03:58:11] INFO "GET /api/finance/summary/ HTTP/1.1" 200 198
[2025-03-19 03:59:50] INFO D:\Work\BAIEL\apps\stores\models.py changed, reloading.
[2025-03-19 03:59:51] INFO Watching for file changes with StatReloader
[2025-03-19 04:02:20] INFO D:\Work\BAIEL\apps\finance\models.py changed, reloading.
[2025-03-19 04:02:21] INFO Watching for file changes with StatReloader
[2025-03-19 04:03:54] INFO D:\Work\BAIEL\apps\finance\admin.py changed, reloading.
[2025-03-19 04:03:55] INFO Watching for file changes with StatReloader
[2025-03-19 04:04:09] INFO "GET /api/finance/summary/ HTTP/1.1" 200 198
[2025-03-19 04:04:26] INFO 💰 Магазин DADAD внес 80.00 KGS. Долг был 900.00, стал 820.00.
[2025-03-19 04:04:26] INFO "PATCH /api/stores/stores/1/ HTTP/1.1" 200 226
[2025-03-19 04:04:28] INFO 💰 Магазин DADAD внес 80.00 KGS. Долг был 820.00, стал 740.00.
[2025-03-19 04:04:28] INFO "PATCH /api/stores/stores/1/ HTTP/1.1" 200 226
[2025-03-19 04:04:31] INFO 💰 Магазин DADAD внес 80.00 KGS. Долг был 740.00, стал 660.00.
[2025-03-19 04:04:31] INFO "PATCH /api/stores/stores/1/ HTTP/1.1" 200 226
[2025-03-19 04:04:34] INFO "GET /api/finance/summary/ HTTP/1.1" 200 207
[2025-03-19 04:04:35] INFO "GET /api/finance/summary/ HTTP/1.1" 200 207
[2025-03-19 04:04:42] INFO 💰 Магазин DADAD внес 80.00 KGS. Долг был 660.00, стал 580.00.
[2025-03-19 04:04:42] INFO "PATCH /api/stores/stores/1/ HTTP/1.1" 200 226
[2025-03-19 04:04:46] INFO "GET /api/finance/summary/ HTTP/1.1" 200 207
[2025-03-19 04:04:51] INFO 💰 Магазин DADAD внес 80.00 KGS. Долг был 580.00, стал 500.00.
[2025-03-19 04:04:51] INFO "PATCH /api/stores/stores/1/ HTTP/1.1" 200 226
[2025-03-19 04:04:55] INFO "GET /api/finance/summary/ HTTP/1.1" 200 207
[2025-03-19 04:04:58] INFO 💰 Магазин DADAD внес 80.00 KGS. Долг был 500.00, стал 420.00.
[2025-03-19 04:04:58] INFO "PATCH /api/stores/stores/1/ HTTP/1.1" 200 226
[2025-03-19 04:05:01] INFO "GET /api/finance/summary/ HTTP/1.1" 200 207
[2025-03-19 04:05:07] INFO 💰 Магазин DADAD внес 80.00 KGS. Долг был 420.00, стал 340.00.
[2025-03-19 04:05:07] INFO "PATCH /api/stores/stores/1/ HTTP/1.1" 200 226
[2025-03-19 04:05:11] INFO "GET /api/finance/summary/ HTTP/1.1" 200 207
[2025-03-19 04:06:00] INFO 💰 Магазин DADAD внес 80.00 KGS. Долг был 340.00, стал 260.00.
[2025-03-19 04:06:00] INFO "PATCH /api/stores/stores/1/ HTTP/1.1" 200 226
[2025-03-19 04:06:20] INFO "GET /api/finance/summary/ HTTP/1.1" 200 207
[2025-03-19 04:06:38] INFO 💰 Магазин DADAD внес 80.00 KGS. Долг был 260.00, стал 180.00.
[2025-03-19 04:06:38] INFO "PATCH /api/stores/stores/1/ HTTP/1.1" 200 226
[2025-03-19 04:06:45] INFO "GET /api/finance/summary/ HTTP/1.1" 200 207
[2025-03-19 04:14:16] INFO D:\Work\BAIEL\apps\finance\models.py changed, reloading.
[2025-03-19 04:14:17] INFO Watching for file changes with StatReloader
[2025-03-19 04:16:05] INFO D:\Work\BAIEL\apps\stores\models.py changed, reloading.
[2025-03-19 04:16:07] INFO Watching for file changes with StatReloader
[2025-03-19 04:16:22] INFO 💰 Магазин DADAD внёс 50.00 KGS. Долг был 180.00, стал 130.00.
[2025-03-19 04:16:22] INFO "PATCH /api/stores/stores/1/ HTTP/1.1" 200 226
[2025-03-19 04:16:25] INFO 💰 Магазин DADAD внёс 50.00 KGS. Долг был 130.00, стал 80.00.
[2025-03-19 04:16:25] INFO "PATCH /api/stores/stores/1/ HTTP/1.1" 200 225
[2025-03-19 04:16:27] INFO "GET /api/finance/summary/ HTTP/1.1" 200 207
[2025-03-19 04:16:31] INFO 💰 Магазин DADAD внёс 50.00 KGS. Долг был 80.00, стал 30.00.
[2025-03-19 04:16:31] INFO "PATCH /api/stores/stores/1/ HTTP/1.1" 200 225
[2025-03-19 04:16:33] INFO "GET /api/finance/summary/ HTTP/1.1" 200 207
[2025-03-19 04:16:38] WARNING Bad Request: /api/stores/stores/1/
[2025-03-19 04:16:38] WARNING "PATCH /api/stores/stores/1/ HTTP/1.1" 400 98
[2025-03-19 04:16:40] INFO "GET /api/finance/summary/ HTTP/1.1" 200 207
[2025-03-19 04:16:46] INFO 💰 Магазин DADAD внёс 30.00 KGS. Долг был 30.00, стал 0.00.
[2025-03-19 04:16:46] INFO ✅ Магазин DADAD полностью погасил долг.
[2025-03-19 04:16:46] INFO "PATCH /api/stores/stores/1/ HTTP/1.1" 200 225
[2025-03-19 04:16:48] INFO "GET /api/finance/summary/ HTTP/1.1" 200 207
[2025-03-19 04:17:22] INFO "GET /admin/stores/store/1/change/ HTTP/1.1" 200 22038
[2025-03-19 04:17:23] INFO "GET /admin/jsi18n/ HTTP/1.1" 200 17546
[2025-03-19 04:17:25] INFO "GET /admin/stores/store/1/change/ HTTP/1.1" 200 22038
[2025-03-19 04:17:25] INFO "GET /admin/jsi18n/ HTTP/1.1" 200 17546
[2025-03-19 04:17:28] INFO "POST /admin/stores/store/1/change/ HTTP/1.1" 302 0
[2025-03-19 04:17:28] INFO "GET /admin/stores/store/ HTTP/1.1" 200 23233
[2025-03-19 04:17:29] INFO "GET /admin/jsi18n/ HTTP/1.1" 200 17546
[2025-03-19 04:17:31] INFO "GET /admin/stores/store/1/change/ HTTP/1.1" 200 22044
[2025-03-19 04:17:32] INFO "GET /admin/jsi18n/ HTTP/1.1" 200 17546
[2025-03-19 04:17:35] INFO 🏦 Магазин DADAD оформил новый долг: 50000.00 KGS.
[2025-03-19 04:17:35] INFO "POST /admin/stores/store/1/change/ HTTP/1.1" 302 0
[2025-03-19 04:17:35] INFO "GET /admin/stores/store/ HTTP/1.1" 200 23237
[2025-03-19 04:17:35] INFO "GET /admin/jsi18n/ HTTP/1.1" 200 17546
[2025-03-19 04:17:41] INFO "GET /api/finance/summary/ HTTP/1.1" 200 210
[2025-03-19 04:18:07] INFO 💰 Магазин DADAD внёс 30.00 KGS. Долг был 50000.00, стал 49970.00.
[2025-03-19 04:18:07] INFO "PATCH /api/stores/stores/1/ HTTP/1.1" 200 227
[2025-03-19 04:18:11] INFO "GET /api/finance/summary/ HTTP/1.1" 200 213
[2025-03-19 04:29:34] INFO D:\Work\BAIEL\apps\finance\models.py changed, reloading.
[2025-03-19 04:29:36] INFO Watching for file changes with StatReloader
[2025-03-19 04:29:41] INFO D:\Work\BAIEL\apps\finance\views.py changed, reloading.
[2025-03-19 04:29:42] INFO Watching for file changes with StatReloader
[2025-03-19 04:32:02] INFO D:\Work\BAIEL\apps\stores\models.py changed, reloading.
[2025-03-19 04:32:03] INFO Watching for file changes with StatReloader
[2025-03-19 04:32:15] INFO 💰 Магазин DADAD внес 30.00 KGS. Долг был 49970.00, стал 49940.00.
[2025-03-19 04:32:15] INFO "PATCH /api/stores/stores/1/ HTTP/1.1" 200 227
[2025-03-19 04:32:18] INFO 💰 Магазин DADAD внес 30.00 KGS. Долг был 49940.00, стал 49910.00.
[2025-03-19 04:32:18] INFO "PATCH /api/stores/stores/1/ HTTP/1.1" 200 227
[2025-03-19 04:32:21] INFO 💰 Магазин DADAD внес 30.00 KGS. Долг был 49910.00, стал 49880.00.
[2025-03-19 04:32:21] INFO "PATCH /api/stores/stores/1/ HTTP/1.1" 200 228
[2025-03-19 04:32:24] INFO "GET /api/finance/summary/ HTTP/1.1" 200 261
[2025-03-19 04:32:27] INFO 💰 Магазин DADAD внес 30.00 KGS. Долг был 49880.00, стал 49850.00.
[2025-03-19 04:32:27] INFO "PATCH /api/stores/stores/1/ HTTP/1.1" 200 228
[2025-03-19 04:32:29] INFO "GET /api/finance/summary/ HTTP/1.1" 200 261
[2025-03-19 04:33:14] INFO 💰 Магазин DADAD внес 30.00 KGS. Долг был 49850.00, стал 49820.00.
[2025-03-19 04:33:14] INFO "PATCH /api/stores/stores/1/ HTTP/1.1" 200 228
[2025-03-19 04:33:20] INFO "GET /api/finance/summary/ HTTP/1.1" 200 261
[2025-03-19 04:36:10] INFO D:\Work\BAIEL\apps\stores\models.py changed, reloading.
[2025-03-19 04:36:11] INFO Watching for file changes with StatReloader
[2025-03-19 04:36:17] INFO D:\Work\BAIEL\apps\stores\views.py changed, reloading.
[2025-03-19 04:36:18] INFO Watching for file changes with StatReloader
[2025-03-19 04:36:52] INFO D:\Work\BAIEL\apps\stores\views.py changed, reloading.
[2025-03-19 04:36:53] INFO Watching for file changes with StatReloader
[2025-03-19 04:37:03] INFO D:\Work\BAIEL\apps\orders\views.py changed, reloading.
[2025-03-19 04:37:04] INFO Watching for file changes with StatReloader
[2025-03-19 04:37:20] INFO D:\Work\BAIEL\apps\orders\views.py changed, reloading.
[2025-03-19 04:37:21] INFO Watching for file changes with StatReloader
[2025-03-19 04:37:31] INFO D:\Work\BAIEL\apps\finance\views.py changed, reloading.
[2025-03-19 04:37:32] INFO Watching for file changes with StatReloader
[2025-03-19 04:37:37] INFO "PATCH /api/stores/stores/1/ HTTP/1.1" 200 227
[2025-03-19 04:37:40] INFO "PATCH /api/stores/stores/1/ HTTP/1.1" 200 227
[2025-03-19 04:37:44] INFO "GET /api/finance/summary/ HTTP/1.1" 200 261
[2025-03-19 04:37:45] INFO "GET /api/finance/summary/ HTTP/1.1" 200 261
[2025-03-19 04:37:48] INFO "PATCH /api/stores/stores/1/ HTTP/1.1" 200 227
[2025-03-19 04:37:50] INFO "GET /api/finance/summary/ HTTP/1.1" 200 261
[2025-03-19 04:37:55] INFO 🏦 Магазин DADAD взял новый долг: 9000.00 KGS.
[2025-03-19 04:37:55] INFO "PATCH /api/stores/stores/1/ HTTP/1.1" 200 228
[2025-03-19 04:37:58] INFO "GET /api/finance/summary/ HTTP/1.1" 200 261
[2025-03-19 04:38:03] INFO 💰 Магазин DADAD внёс 30.00 KGS. Долг был 10000.00, стал 9970.00.
[2025-03-19 04:38:03] INFO "PATCH /api/stores/stores/1/ HTTP/1.1" 200 227
[2025-03-19 04:38:05] INFO "GET /api/finance/summary/ HTTP/1.1" 200 261
[2025-03-19 04:38:08] INFO 💰 Магазин DADAD внёс 30.00 KGS. Долг был 9970.00, стал 9940.00.
[2025-03-19 04:38:08] INFO "PATCH /api/stores/stores/1/ HTTP/1.1" 200 227
[2025-03-19 04:38:10] INFO "GET /api/finance/summary/ HTTP/1.1" 200 261
[2025-03-19 04:38:14] INFO 💰 Магазин DADAD внёс 30.00 KGS. Долг был 9940.00, стал 9910.00.
[2025-03-19 04:38:14] INFO "PATCH /api/stores/stores/1/ HTTP/1.1" 200 227
[2025-03-19 04:38:16] INFO "GET /api/finance/summary/ HTTP/1.1" 200 261
[2025-03-19 04:38:23] INFO 💰 Магазин DADAD внёс 1000.00 KGS. Долг был 9910.00, стал 8910.00.
[2025-03-19 04:38:23] INFO "PATCH /api/stores/stores/1/ HTTP/1.1" 200 228
[2025-03-19 04:38:29] INFO "GET /api/finance/summary/ HTTP/1.1" 200 261
[2025-03-19 04:38:34] INFO 💰 Магазин DADAD внёс 1000.00 KGS. Долг был 8910.00, стал 7910.00.
[2025-03-19 04:38:34] INFO "PATCH /api/stores/stores/1/ HTTP/1.1" 200 228
[2025-03-19 04:38:36] INFO "GET /api/finance/summary/ HTTP/1.1" 200 261
[2025-03-19 04:50:24] INFO "PATCH /api/stores/stores/1/ HTTP/1.1" 200 228
[2025-03-19 04:50:33] INFO "GET /api/finance/summary/ HTTP/1.1" 200 261
[2025-03-19 04:50:37] INFO 💰 Магазин DADAD внёс 200.00 KGS. Долг был 1000.00, стал 800.00.
[2025-03-19 04:50:37] INFO "PATCH /api/stores/stores/1/ HTTP/1.1" 200 227
[2025-03-19 04:50:40] INFO "GET /api/finance/summary/ HTTP/1.1" 200 261
[2025-03-19 04:50:51] INFO "PATCH /api/stores/stores/1/ HTTP/1.1" 200 227
[2025-03-19 04:50:54] INFO "GET /api/finance/summary/ HTTP/1.1" 200 261
[2025-03-19 04:51:43] INFO "GET /admin/finance/finance/ HTTP/1.1" 200 26534
[2025-03-19 04:51:43] INFO "GET /static/admin/css/base.css HTTP/1.1" 304 0
[2025-03-19 04:51:43] INFO "GET /static/admin/css/dark_mode.css HTTP/1.1" 304 0
[2025-03-19 04:51:43] INFO "GET /static/admin/js/theme.js HTTP/1.1" 304 0
[2025-03-19 04:51:43] INFO "GET /static/admin/css/nav_sidebar.css HTTP/1.1" 304 0
[2025-03-19 04:51:43] INFO "GET /static/admin/css/responsive.css HTTP/1.1" 304 0
[2025-03-19 04:51:43] INFO "GET /static/admin/css/changelists.css HTTP/1.1" 304 0
[2025-03-19 04:51:43] INFO "GET /static/admin/js/jquery.init.js HTTP/1.1" 304 0
[2025-03-19 04:51:43] INFO "GET /static/admin/js/vendor/jquery/jquery.js HTTP/1.1" 304 0
[2025-03-19 04:51:43] INFO "GET /static/admin/js/core.js HTTP/1.1" 304 0
[2025-03-19 04:51:43] INFO "GET /static/admin/js/admin/RelatedObjectLookups.js HTTP/1.1" 304 0
[2025-03-19 04:51:43] INFO "GET /static/admin/js/urlify.js HTTP/1.1" 304 0
[2025-03-19 04:51:43] INFO "GET /static/admin/js/actions.js HTTP/1.1" 304 0
[2025-03-19 04:51:43] INFO "GET /static/admin/js/vendor/xregexp/xregexp.js HTTP/1.1" 304 0
[2025-03-19 04:51:43] INFO "GET /static/admin/js/prepopulate.js HTTP/1.1" 304 0
[2025-03-19 04:51:43] INFO "GET /static/admin/img/search.svg HTTP/1.1" 304 0
[2025-03-19 04:51:43] INFO "GET /static/admin/js/nav_sidebar.js HTTP/1.1" 304 0
[2025-03-19 04:51:43] INFO "GET /static/admin/img/icon-addlink.svg HTTP/1.1" 304 0
[2025-03-19 04:51:43] INFO "GET /static/admin/img/icon-viewlink.svg HTTP/1.1" 304 0
[2025-03-19 04:51:43] INFO "GET /static/admin/js/filters.js HTTP/1.1" 304 0
[2025-03-19 04:51:43] INFO "GET /static/admin/img/tooltag-add.svg HTTP/1.1" 304 0
[2025-03-19 04:51:49] INFO "GET /admin/finance/finance/27/change/ HTTP/1.1" 200 21137
[2025-03-19 04:51:49] INFO "GET /static/admin/css/forms.css HTTP/1.1" 304 0
[2025-03-19 04:51:49] INFO "GET /static/admin/js/prepopulate_init.js HTTP/1.1" 304 0
[2025-03-19 04:51:49] INFO "GET /static/admin/css/widgets.css HTTP/1.1" 304 0
[2025-03-19 04:51:49] INFO "GET /static/admin/img/icon-changelink.svg HTTP/1.1" 304 0
[2025-03-19 04:51:49] INFO "GET /static/admin/js/change_form.js HTTP/1.1" 304 0
[2025-03-19 04:51:49] INFO "GET /admin/jsi18n/ HTTP/1.1" 200 17546
[2025-03-19 04:51:55] INFO "GET /admin/finance/finance/ HTTP/1.1" 200 26534
[2025-03-19 04:52:02] INFO "GET /admin/finance/finance/27/change/ HTTP/1.1" 200 21137
[2025-03-19 04:52:02] INFO "GET /admin/jsi18n/ HTTP/1.1" 200 17546
[2025-03-19 04:52:04] INFO "GET /admin/finance/finance/ HTTP/1.1" 200 26534
[2025-03-19 04:58:38] INFO D:\Work\BAIEL\apps\stores\models.py changed, reloading.
[2025-03-19 04:58:40] INFO Watching for file changes with StatReloader
[2025-03-19 04:58:51] INFO D:\Work\BAIEL\apps\finance\views.py changed, reloading.
[2025-03-19 04:58:52] INFO Watching for file changes with StatReloader
[2025-03-19 04:58:54] INFO "GET /admin/finance/finance/27/change/ HTTP/1.1" 200 21137
[2025-03-19 04:58:54] INFO "GET /admin/jsi18n/ HTTP/1.1" 200 17546
[2025-03-19 04:58:59] INFO "GET /admin/finance/finance/ HTTP/1.1" 200 26534
[2025-03-19 04:59:22] INFO "GET /api/finance/summary/ HTTP/1.1" 200 330
[2025-03-19 04:59:25] INFO "GET /api/finance/summary/ HTTP/1.1" 200 330
[2025-03-19 04:59:29] INFO "PATCH /api/stores/stores/1/ HTTP/1.1" 200 227
[2025-03-19 04:59:31] INFO "GET /api/finance/summary/ HTTP/1.1" 200 330
[2025-03-19 04:59:35] INFO 💰 Магазин DADAD внёс 200.00 KGS. Долг был 500.00, стал 300.00.
[2025-03-19 04:59:35] INFO 🏦 Магазин DADAD оформил новый долг: 200.00 KGS.
[2025-03-19 04:59:35] INFO "PATCH /api/stores/stores/1/ HTTP/1.1" 200 227
[2025-03-19 04:59:38] INFO "GET /api/finance/summary/ HTTP/1.1" 200 330
[2025-03-19 04:59:41] INFO 💰 Магазин DADAD внёс 200.00 KGS. Долг был 300.00, стал 100.00.
[2025-03-19 04:59:41] INFO 🏦 Магазин DADAD оформил новый долг: 200.00 KGS.
[2025-03-19 04:59:41] INFO "PATCH /api/stores/stores/1/ HTTP/1.1" 200 227
[2025-03-19 04:59:43] INFO "GET /api/finance/summary/ HTTP/1.1" 200 330
[2025-03-19 04:59:51] INFO 💰 Магазин DADAD внёс 100.00 KGS. Долг был 100.00, стал 0.00.
[2025-03-19 04:59:51] INFO 🏦 Магазин DADAD оформил новый долг: 100.00 KGS.
[2025-03-19 04:59:51] INFO "PATCH /api/stores/stores/1/ HTTP/1.1" 200 225
[2025-03-19 04:59:54] INFO "GET /api/finance/summary/ HTTP/1.1" 200 330
[2025-03-19 05:09:32] INFO "GET /admin/finance/finance/ HTTP/1.1" 200 28666
[2025-03-19 05:09:32] INFO "GET /admin/finance/finance/ HTTP/1.1" 200 28666
[2025-03-19 05:09:33] INFO "GET /admin/finance/finance/ HTTP/1.1" 200 28666
[2025-03-19 05:09:33] INFO "GET /admin/finance/finance/ HTTP/1.1" 200 28666
[2025-03-19 05:09:34] INFO "GET /admin/finance/finance/ HTTP/1.1" 200 28666
[2025-03-19 05:09:34] INFO "GET /admin/finance/finance/ HTTP/1.1" 200 28666
[2025-03-19 05:09:34] INFO "GET /admin/finance/finance/ HTTP/1.1" 200 28666
[2025-03-19 05:09:35] INFO "GET /admin/finance/finance/ HTTP/1.1" 200 28666
[2025-03-19 05:09:35] INFO "GET /admin/finance/finance/ HTTP/1.1" 200 28666
[2025-03-19 05:09:35] INFO "GET /admin/finance/finance/ HTTP/1.1" 200 28666
[2025-03-19 05:09:36] INFO "GET /admin/finance/finance/ HTTP/1.1" 200 28666
[2025-03-19 05:09:36] INFO "GET /admin/finance/finance/ HTTP/1.1" 200 28666
[2025-03-19 05:09:36] INFO "GET /admin/finance/finance/ HTTP/1.1" 200 28666
[2025-03-19 05:09:37] INFO "GET /admin/finance/finance/ HTTP/1.1" 200 28666
[2025-03-19 05:09:37] INFO "GET /admin/finance/finance/ HTTP/1.1" 200 28666
[2025-03-19 05:09:37] INFO "GET /admin/finance/finance/ HTTP/1.1" 200 28666
[2025-03-19 05:09:38] INFO "GET /admin/finance/finance/ HTTP/1.1" 200 28666
[2025-03-19 05:09:38] INFO "GET /admin/finance/finance/ HTTP/1.1" 200 28666
[2025-03-19 05:09:38] INFO "GET /admin/finance/finance/ HTTP/1.1" 200 28666
[2025-03-19 05:09:39] INFO "GET /admin/finance/finance/ HTTP/1.1" 200 28666
[2025-03-19 05:09:39] INFO "GET /admin/finance/finance/ HTTP/1.1" 200 28666
[2025-03-19 05:09:42] INFO "GET /admin/finance/finance/33/change/ HTTP/1.1" 200 21131
[2025-03-19 05:09:42] INFO "GET /admin/jsi18n/ HTTP/1.1" 200 17546
[2025-03-19 05:09:45] INFO "POST /admin/finance/finance/33/change/ HTTP/1.1" 302 0
[2025-03-19 05:09:45] INFO "GET /admin/finance/finance/ HTTP/1.1" 200 28997
[2025-03-19 05:09:45] INFO "GET /static/admin/img/icon-yes.svg HTTP/1.1" 304 0
[2025-03-19 05:09:49] INFO "GET /api/finance/summary/ HTTP/1.1" 200 330
[2025-03-19 05:10:22] INFO D:\Work\BAIEL\apps\finance\admin.py changed, reloading.
[2025-03-19 05:10:23] INFO Watching for file changes with StatReloader
[2025-03-19 05:10:52] INFO D:\Work\BAIEL\apps\finance\models.py changed, reloading.
[2025-03-19 05:10:54] INFO Watching for file changes with StatReloader
[2025-03-19 05:12:24] INFO D:\Work\BAIEL\apps\finance\models.py changed, reloading.
[2025-03-19 05:12:25] INFO Watching for file changes with StatReloader
[2025-03-19 05:13:34] WARNING Not Found: /api/order-requests
[2025-03-19 05:13:34] WARNING "GET /api/order-requests HTTP/1.1" 404 3523
[2025-03-19 05:13:39] WARNING Unauthorized: /api/orders/order-requests/
[2025-03-19 05:13:39] WARNING "GET /api/orders/order-requests/ HTTP/1.1" 401 5313
[2025-03-19 05:13:39] INFO "GET /static/rest_framework/css/bootstrap.min.css HTTP/1.1" 304 0
[2025-03-19 05:13:39] INFO "GET /static/rest_framework/css/default.css HTTP/1.1" 304 0
[2025-03-19 05:13:39] INFO "GET /static/rest_framework/css/bootstrap-tweaks.css HTTP/1.1" 304 0
[2025-03-19 05:13:39] INFO "GET /static/rest_framework/js/ajax-form.js HTTP/1.1" 304 0
[2025-03-19 05:13:39] INFO "GET /static/rest_framework/css/prettify.css HTTP/1.1" 304 0
[2025-03-19 05:13:39] INFO "GET /static/rest_framework/js/csrf.js HTTP/1.1" 304 0
[2025-03-19 05:13:39] INFO "GET /static/rest_framework/js/bootstrap.min.js HTTP/1.1" 304 0
[2025-03-19 05:13:39] INFO "GET /static/rest_framework/js/jquery-3.7.1.min.js HTTP/1.1" 304 0
[2025-03-19 05:13:39] INFO "GET /static/rest_framework/js/default.js HTTP/1.1" 304 0
[2025-03-19 05:13:39] INFO "GET /static/rest_framework/js/prettify-min.js HTTP/1.1" 304 0
[2025-03-19 05:13:39] INFO "GET /static/rest_framework/js/load-ajax-form.js HTTP/1.1" 304 0
[2025-03-19 05:13:39] INFO "GET /static/rest_framework/img/grid.png HTTP/1.1" 304 0
